,,,,ลักษณะเรื่องราว,,,,,,,Review Brand และ Product,,ประเภทโครงการ,,,,,,,,,,ประเภทบทความ,,,,Element พิเศษ,,,,,,,,,,,,,,,,,,,,,,,,,,,,,,,,,
title,link,article_id,หมายเหตุ,ให้ข้อมูล,ประวัติความเป็นมา,แฝงขายโดยให้ข้อมูลสินค้า/ติดต่อ,แฝงประชาสัมพันธ์,แฝงประชาสัมพันธ์ wazzadu,สรุปจากงานสัมมานา,E' Green,review brand (Product),review corperate,review บ้าน *,review condo *,review อาคารสำนักงาน,review office space,review ร้านอาหาร *,review โรงแรม รีสอร์จ *,review ร้านค้า *,review พื้นที่สาธารณะ *,review อาคารสถาปัตยกรรม *,review musium *,ประชาสัมพันธ์ Event,รวบรวมจากหลายแหล่ง,Idea/Inspiration,สัมภาษณ์,download PDF,Style โมเดิร์น,Style ลอฟท์,Style วินเทจ,Style ทรอปิคอล,"Style คลาสสิค
",Style มินิมอล,การเปรียบเทียบ,การติดตั้ง,Health wellness,Innovation,มาตรฐาน,Trend (การออกแบบ),ห้องนอน,ห้องน้ำ,ห้องนั่งเล่น,ห้องอาหาร,ห้องโถง,ระเบียง เทอเรส,สวน,ที่จอดรถ,ห้องทำงาน,ห้องแต่งตัว,เสา,คาน,ผนัง,พื้น,หลังคา,ฝ้า เพดาน,รั้ว,ประตู-หน้าต่าง (ช่องเปิด),งานระบบ (ทุกระบบ),งานโครงสร้าง,เปลือกอาคาร
,,,,109,6,251,41,20,12,10,203,46,15,13,6,5,16,17,1,7,8,4,8,26,106,3,2,30,17,2,11,9,6,4,27,22,30,56,12,15,26,5,14,6,15,7,0,23,7,7,7,93,73,14,22,0,74,38,39,56
เรียบง่าย แต่โดดเด่น !! สร้างสรรค์ความงามให้อาคารด้วยโครงสร้างไม้,https://www.wazzadu.com/article/325,325,รีวิวเกี่ยวข้องกับสินค้าที่ไม่ได้พูดถึง,1,,,,,,,,,,,,,,,,,,,,,1,,,,,,,,,,,,,,,,,,,,,,,,,,,,,,,,,,1,
"THE GLASS OF THE ARCHITECTURE"" การออกแบบลูกเล่นกระจกด้วยมิติที่แปลกใหม่ในงานสถาปัตยกรรม""",https://www.wazzadu.com/article/1092,1092,,,,1,,,,,,,,,,,,,,,1,,,,,,,,,,,,,,,,,,,,,,,,,,,,,,,,,,,,,,,1
,https://www.wazzadu.com/article/5284,5284,,1,,,,,,,,,,,,,,,,,,,,,,,,,,,,,,,1,,,,,,,,,,,,,,,1,,,,,,,,1,,
,https://www.wazzadu.com/article/4527,4527,,1,1,,,,,,,,,,,,,,,,,,,,,,,,,,,,,,,,,,,,,,,,,,,,,,,,,,,,,1,,
,https://www.wazzadu.com/article/4626,4626,,1,,,,,,,,,,,,,,,,,,,,,1,,,,,,,,,,,,,,,,,,,,,,,,,,,,,,,,,1,,
,https://www.wazzadu.com/article/4597,4597,,1,,,,,,,,,,,,,,,,,,,,,,,,,,,,,,,,,,,,,,,,,,,,,,,,,,1,,,,,1,
,https://www.wazzadu.com/article/4749,4749,,1,,,,,,,,,,,,,,,,,,,,,1,,,,,,,,,,,,,,,,,,,,,,,,,,,,,,,,,1,,
,https://www.wazzadu.com/article/4423,4423,,1,,,,,,,,,,,,,,,,,,,,,,,,,,,,,,,,,,,,,,,,,,,,,,,,,,1,,,,,1,
ระแนงไม้จริง (Wooden Battens) มีกี่ประเภท แต่ละประเภทมีคุณสมบัติเด่น และวิธีการนำไปใช้งานอย่างไร,https://www.wazzadu.com/article/2780,2780,"หลังคาไม้ระแนง,พื้นไม้ระแนง",1,,1,,,,,,,,,,,,,,,,,,,,,,,,,,,,,,,,,1,,,,,,1,,,,,,,,1,1,,,,,,1
,https://www.wazzadu.com/article/4405,4405,,1,,,,,,,,,,,,,,,,,,,,,,,,,,,,,,,,,,,,,,,,,,,,,,,,,,,,,,,1,
,https://www.wazzadu.com/article/5432,5432,,1,,,,,,,,,,,,,,,,,,,,,,,,,,,,,,,,1,,,,,,,1,,,,,,,,,,,,,,,,,
ผ้าทอจากโลหะ (Woven Metal Textile) คืออะไร มีคุณสมบัติเด่น และวิธีการนำไปใช้งานอย่างไร,https://www.wazzadu.com/article/2890,2890,,1,,,1,,,,,,,,,,,,,,,,,,,,,,,,,,,,,,,,,,,,,,,,,,,,,,,,,,,,,
,https://www.wazzadu.com/article/5460,5460,,,,,,1,,1,,,,,,,,,,,,,,,,,,,,,,,,,,,,,,,,,,,,,,,,,,,,,,,,,,
"Collaborative Design"" แนวทางการทำงานที่ทุกฝ่ายต้องร่วมมือกัน เพื่อส่งมอบประสบการณ์ที่ดีที่สุดให้กับผู้เข้าพักโรงแรม""",https://www.wazzadu.com/article/4031,4031,,,,,,1,1,,,,,,,,,1,,,,,,,,,,,,,,,,,,,,,,,,,,,,,,,,,,,,,,,,,,
,https://www.wazzadu.com/article/5404,5404,ข้อดีข้อเสีย,1,,,,,,,,,,,,,,,,,,,,,,,,,,,,,,,,,,,,,,,,,,,,,,,,1,1,,1,,1,,,1
"Workplace from Global View""  ทำไมการออกแบบออฟฟิศให้ตอบโจทย์คนทำงาน ถึงเป็นสิ่งที่บริษัทระดับ Global ให้ความสำคัญ ? """,https://www.wazzadu.com/article/4011,4011,,,,,,1,1,,,,,,1,,,,,,,,,,1,,,,,,,,,,,,,,1,,,,,,,,,1,,,,,,,,,,,,
,https://www.wazzadu.com/article/5443,5443,,,,,,1,,1,,,,,,,,,,,,,,,,,,,,,,,,,,,,,,,,,,,,,,,,,,,,,,,,,,
,https://www.wazzadu.com/article/4600,4600,,,,1,,,,,1,1,,,,,,,,,,,,,,,,,,,,,,,,,,1,,,,,,,,,,,,,,,,,,,,,,
,https://www.wazzadu.com/article/4689,4689,,,,1,,,,,,1,,,,,,,,,,,,,1,,,,,,,,,,,,,,,,,,,,,,,,,,,,,,,,,,,
,https://www.wazzadu.com/article/5455,5455,แฝงขายมั้ย,,,,1,,,,,,1,,,,,,,,,,,,,,,,,,,,,,,,,,,,,,,,,,,,,,,,1,,,,1,,1,1
,https://www.wazzadu.com/article/5122,5122,,,,1,,,,,1,,1,,,,,,,,,,,,,,,,,,,,,,,,,,,,,,,,,,,,,,,1,,,1,,,,,1
,https://www.wazzadu.com/article/5433,5433,มีข้อมูลติดต่อใน text มั้ย,,,1,,,,,,,1,,,,,,,,,,,,,,,1,,,,,,,,,,,,,,,,,,,,,,,,1,,,,,1,1,,
,https://www.wazzadu.com/article/4409,4409,,,,,,1,,,,,,,,,,,,,,,,,,,,,,,,,,,,,,,,,,,,,,,,,,1,,1,,,1,,,1,,
,https://www.wazzadu.com/article/4978,4978,,,,1,,,,,,,,,1,,,,,,,,,,,,,,,,,,,,,,,1,,,,,,,,,,1,,,,,1,,,,,,,
,https://www.wazzadu.com/article/5159,5159,ประชาสัมพันธ์,,,,,,,,,,,,,,1,,,,,,,,,1,,,,,,,,,,,,,,,,,,,,,,,,,,,,,,,,,1,
,https://www.wazzadu.com/article/4237,4237,,,,,,,,,,,,,,,,1,,,,,,,1,,,,,,,,,,,,,,,,,,,,1,,,,,,,,1,1,1,,,,,
,https://www.wazzadu.com/article/5417,5417,,,,,,,,,,,,,,,,,,1,,,,,1,,,,,,,,,,,,,,,,,,,,,,,,,1,,,,,,,,,1,
,https://www.wazzadu.com/article/4858,4858,,,,1,,,,,,,,,,,,,,,,,,,,,,,,,,,,,,,,,,,,,,,,,,,,,,,,,,,,,,
Interview: แนวคิดในการออกแบบจาก Landscape Architects of Bangkok (LAB),https://www.wazzadu.com/article/4131,4131,,,,,,,,,,,,,,,,,,,,,,,1,1,,,,,,,,,,,,,,,,,,,,,,,,,,,,,,,,,,
,https://www.wazzadu.com/article/5424,5424,รีวิวเกี่ยวข้องกับสินค้าที่ไม่ได้พูดถึง,,,,,,,,,,,,,1,,,,,,,,,,,,,,,,,,,,1,,,,,,,,,,,,1,,,,,,,,,,,1,
มาตรฐานสากลที่ใช้ในการตัดสินใจเลือกซื้อแผ่นลามิเนต HPL มีอะไรบ้าง (Standard and Certificate of High Pressure Laminate),https://www.wazzadu.com/article/4054,4054,,1,,1,,,,,1,,,,,,,,,,,,,,,,,,,,,,,,,,,1,,,,,,,,,,,,,,,,,,,,,,
,https://www.wazzadu.com/article/4450,4450,,,,1,,,,,,,,,,,,,,,,,,1,,,,,,,,,,,,,,,,,,,,,,,,,,,,,,,,,,,,
จากจินตนาการสู่ไอเดียสุดเจ๋ง !! แคมเปญสร้างสระว่ายน้ำใจกลางแม่น้ำ Thames ในกรุงลอนดอน,https://www.wazzadu.com/article/578,578,,,,,,,,,,,,,,,,,,1,,,,,1,,,,,,,,,,,,,,,,,,,,,,,,,,,,,,,,,,,
,https://www.wazzadu.com/article/4849,4849,แยกส่วนประกอบมั้ย,1,,,,,,,,,,,1,,,,,,,,,,,,,,,,,,,,,,,,,,,,,,,,,,,,,1,1,,,,,,1,
,https://www.wazzadu.com/article/4755,4755,,,,,,,,,,,,,,,,,1,,,,,,1,,,,,,,,,,,,,,,,,,,,,,,,,1,,,1,,,,,1,,
สาเหตุ!!! ที่ทำให้กระจกเทมเปอร์เกิดอาการลั่น และแตกเอง,https://www.wazzadu.com/article/2341,2341,,1,,1,,,,,,,,,,,,,,,,,,,,,,,,,,,,,,,,,,,,,,,,,,,,,,,,,,,,,,
,https://www.wazzadu.com/article/5044,5044,,1,,,,,,,,,,,,,,,,,,,,,1,,,,,,,,,,,1,,,,,,,,,,,,,,,,,1,,,,,,,
กระจกมู่ลี่ (Internal  Blinds) มีกี่ประเภท มีข้อดี-ข้อเสีย และข้อควรระวังในการใช้งานอย่างไรบ้าง,https://www.wazzadu.com/article/2535,2535,ข้อดีข้อเสีย,1,,1,,,,,,,,,,,,,,,,,,,,,,,,,,,,,,,,,,,,,,,,,,,,,,,,,,,1,,,
เปรียบเทียบ ข้อดี - ข้อเสีย พื้นไม้ลามิเนต vs กระเบื้องยาง,https://www.wazzadu.com/article/3158,3158,,1,,,1,,,,,,,,,,,,,,,,,,,,,,,,,,,1,,,,,,,,,,,,,,,,,,,1,,,,,,,
แนวทางการเลือกใช้พื้นไม้ 8 ประเภท ให้เหมาะกับสไตล์การตกแต่งของคุณ,https://www.wazzadu.com/article/2128,2128,,1,,,,,,,,,,,,,,,,,,,,,1,,,,,,,,,,,,,,,,,,,,,,,,,,,,1,,,,,,,
แชร์เก็บไว้ใช้!!! รวม 7 เว็บไซต์แจก Block Cad ฟรี,https://www.wazzadu.com/article/1079,1079,,,,,,,,,,,,,,,,,,,,,,1,1,,,,,,,,,,,,,,,,,,,,,,,,,,,,,,,,,,,
,https://www.wazzadu.com/article/4994,4994,,,,,,,,,,,,,,,,,,,,,,,,,1,,,,,,,,,,,,,,,,,,,,,,,,,,,,,,,,,
,https://www.wazzadu.com/article/4975,4975,,,,,,,,,,,,,,,,,,,,,,,,,1,,,,,,,,,,,,,,,,,,,,,,,,,,,,,,,,,
ฟาซาด และระแนงสำหรับบังแดดประเภทต่างๆ : Type of Sun Shade Fin & Facade Design,https://www.wazzadu.com/article/3662,3662,,1,,,1,,,,,,,,,,,,,,,,,,,,,,,,,,,,,,,,,,,,,,,,,,,,,,,,,,,,,1
,https://www.wazzadu.com/article/5102,5102,,,,,,,,,,,,,,,,,,,,,,,1,,,,,,,,,,,,,,,,,,,,,,,,,,,,,,,,,,,
,https://www.wazzadu.com/article/4673,4673,,,,,,,,,,,,,,,,,,,,,,,1,,,1,1,,,,,,,,,,,,,,,,,,,,,,,,,,,,,,,
,https://www.wazzadu.com/article/5431,5431,,1,,,,1,,1,,,,,,,,,,,,,,,,,,,,,,,,,,,,,,,,,,,,,,,,,,,,,,,,,,
,https://www.wazzadu.com/article/5405,5405,,1,,,,1,,1,,,,,,,,,,,,,,,,,,,,,,,,,,,1,,,,,,,,,,,,,,,,,,,,,,,
,https://www.wazzadu.com/article/5397,5397,,1,,,,1,,1,,,,,,,,,,,,,,,,,,,,,,,,,,,,,,,,,,,,,,,,,,,,,,,,,,1
,https://www.wazzadu.com/article/5393,5393,,1,,,,1,,1,,,,,,,,,,,,,,,,,,,,,,,,,,,1,,,,,,,,,,,,,,,,,,,,,,,
"นวัตกรรมแห่งอนาคต Heliomax"" พลังงานโซลาร์ปัญญาประดิษฐ์ (Artificial Intelligence Solar Power) """,https://www.wazzadu.com/article/4029,4029,เป็นเทรนมั้ย,1,,,,,,,,,,,,,,,,,,,,,,,,,,,,,,,,,1,,,,,,,,,,,,,,,,,,,,,,,
,https://www.wazzadu.com/article/5338,5338,,1,,,,1,,1,,,,,,,,,,,,,,,,,,,,,,,,,,,1,,,,,,,,,,,,,,,,,,,,,,,
,https://www.wazzadu.com/article/5356,5356,,1,,,,1,,1,,,,,,,,,,,,,,,,,,,,,,,,,,,1,,,,,,,,,,,,,,,1,,,,,,,,
,https://www.wazzadu.com/article/5381,5381,,1,,,,1,,1,,,,,,,,,,,,,,,,,,,,,,,,,,,1,,,,,,,,,,,,,,,,,,,,,,,
,https://www.wazzadu.com/article/5110,5110,,1,,,,,,,,,,,,,,,,,,,,,,,,,,,,,,,,1,,,,,,,,,,,,,,,,,,,,,1,,,
,https://www.wazzadu.com/article/5031,5031,,1,,,,,,,,,,,,,,,,,,,,,1,,,,,,,,,,,1,,,,,,,,,,,,1,,,,,,,,,1,,,
,https://www.wazzadu.com/article/5333,5333,,,,,,1,,1,,,,,,,,,,,,,,,,,,,,,,,,,,,1,,,,,,,,,,,,,,,,,,,,,,,
"ทราบหรือไม่ กัญชง"" ใช้ทำวัสดุปิดผิวได้""",https://www.wazzadu.com/article/3865,3865,,1,,,,,,,,,,,,,,,,,,,,,,,,,,,,,,,,,,,,,,,,,,,,,,,,,,,,,,,,
"สัมผัสแห่งธรรมชาติแท้กับโครงสร้างไม้ Glulam"" อีกระดับของงานไม้จริง ที่ไม้ธรรมดาๆให้ไม่ได้! """,https://www.wazzadu.com/article/2606,2606,เทรนการออกแบบมั้ย,1,,,1,,,,,,,,,,,,,,,,,,,,,,,,,,,,,,,,,,,,,,,,,,,,,,,,,,,,1,
"แชร์เก็บไว้ดู!!! รวม 20"" วีดีโอสอนเทนนิคแต่งภาพสถาปัตย์ด้วย Photoshop ที่หาดูได้ฟรีบน Youtube""",https://www.wazzadu.com/article/1160,1160,,,,,,,,,,,,,,,,,,,,,,1,1,,,,,,,,,,,,,,,,,,,,,,,,,,,,,,,,,,,
"เอาไปใช้!!! รวม 50"" Mood and Tone สวยๆสำหรับใช้ในงานออกแบบ""",https://www.wazzadu.com/article/1129,1129,,,,,,,,,,,,,,,,,,,,,,1,1,,,,,,,,,,,,,,,,,,,,,,,,,,,,,,,,,,,
แชร์เก็บไว้ดู!!! รวม 20 ไอเดีย การทำโมเดลสไตล์ Japanese,https://www.wazzadu.com/article/1230,1230,,,,,,,,,,,,,,,,,,,,,,1,1,,,,,,,,,,,,,,,,,,,,,,,,,,,,,,,,,,,
"เอาไปใช้!!! รวม 20"" Mood Board Material สวยๆสำหรับใช้ในงานออกแบบ""",https://www.wazzadu.com/article/1140,1140,,,,,,,,,,,,,,,,,,,,,,1,1,,,,,,,,,,,,,,,,,,,,,,,,,,,,,,,,,,,
แชร์เก็บไว้ดู!!! รวมสุดยอดการทำโมเดลขั้นเทพ ประณีตเสมือนจริง เก็บทุกรายละเอียด,https://www.wazzadu.com/article/1308,1308,,,,,,,,,,,,,,,,,,,,,,1,1,,,,,,,,,,,,,,,,,,,,,,,,,,,,,,,,,,,
เอาไปใช้!!! รวม 15 แบบ Layout Design สวยๆ สำหรับใช้เป็นไอเดียในการทำ Presentations ด้านสถาปัตย์ฯ,https://www.wazzadu.com/article/1179,1179,,,,,,,,,,,,,,,,,,,,,,1,1,,,,,,,,,,,,,,,,,,,,,,,,,,,,,,,,,,,
"แชร์เก็บไว้ใช้!!! รวม 7 เว็บไซต์แจกฟรี ไฟล์ไดคัตโฟโต้ชอป คน ,รถ ,ต้นไม้ ",https://www.wazzadu.com/article/1100,1100,,,,,,,,,,,,,,,,,,,,,,1,1,,,,,,,,,,,,,,,,,,,,,,,,,,,,,,,,,,,
,https://www.wazzadu.com/article/4738,4738,,1,,,,,,,,,,,,,,,,,,,,1,1,,,,,,1,,,,,,,,,,,,,,,,,,,,,1,1,,,,,,,
,https://www.wazzadu.com/article/4782,4782,,1,,,,,,,,,,,,,,,,,,,,1,,,,,,,,,,,,,,,,,,,,,,,,,,,,,1,,,,,,,
,https://www.wazzadu.com/article/4906,4906,,1,,,,,,,,,,,,,,,,,,,,1,1,,,,1,,1,,1,,,,,,,,,,,,,,,,,1,1,,1,,,,,,1,1
,https://www.wazzadu.com/article/4963,4963,,,,,,,,,,,,,,,,,,1,,,,,1,,,,,,,,,,,,,,,,,,,,,,,,,,,1,1,,,,,,,1
" Raffles City Hangzhou "" ตัวอย่างสถาปัตยกรรมแห่งการเปลี่ยนแปลง และการพัฒนาเมืองที่ยั่งยืน""",https://www.wazzadu.com/article/2248,2248,รีวิวเกี่ยวข้องกับสินค้าที่ไม่ได้พูดถึง,,,,,,,,,,,,,,,,,1,,,,,1,,,,,,,,,,,,,,,,,,,,,,,,,,,,,,,,,,,1
,https://www.wazzadu.com/article/4804,4804,ข้อดีข้อเสีย,1,,,,,,,,,,,,,,,,,,,,,1,,,,,,,,,,,,,,1,,,,,,1,,,,,,,1,,,1,,,,1,
,https://www.wazzadu.com/article/4588,4588,,,,,,,,,,,,,,,,,,,1,,,,,,,,,,,,,,,,,,,,,,,,,,,,,,,,,,,,,,,
"Turnstyle Retail Complex NYC""เปลี่ยนทางเดินใต้ดินเก่าที่เชื่อมต่อระหว่างสถานีรถไฟใต้ดินกับย่านธุรกิจ ให้กลายเป็นพื้นที่ช็อปปิ้งใต้ดินที่มีชีวิตชีวา""",https://www.wazzadu.com/article/2274,2274,,,,1,,,,,,,,,,,,,,1,,,,,1,,,,,,,,,,,,,,,,,,,,,,,,,,,,,,,,,1,,
Spectra Pavilion กับการนำวัสดุกระจกสีมาสร้างประสบการณ์การรับรู้ที่สอดคล้องกับบริบทเวลาธรรมชาติ ด้วยมุมมองแห่งสีสันที่มีชีวิตชีวา,https://www.wazzadu.com/article/2226,2226,รีวิวเกี่ยวข้องกับสินค้าที่ไม่ได้พูดถึง,,,,,,,,,,,,,,,,,,1,,,,1,,,,,,,,,,,,,,,,,,,,,,,,,,,,,,,,,,,1
Museum at Prairiefire การออกแบบที่สะท้อนค่านิยมการเผาทุ่งหญ้าในแคนซัส โดยใช้วัสดุกระจกในการบอกเล่าเรื่องราวของบริบทท้องถิ่นผ่านงานสถาปัตยกรรม,https://www.wazzadu.com/article/2208,2208,รีวิวเกี่ยวข้องกับสินค้าที่ไม่ได้พูดถึง,,,,,,,,,,,,,,,,,,,1,,,1,,,,,,,,,,,,,,,,,,,,,,,,,,,,,,,,,,,1
Parkroyal on Pickering Hotel / Singapore,https://www.wazzadu.com/article/1373,1373,,,,,,,,,,,,,,,,1,,,,,,,,,,,,,,,,,,,,,,,,,,,,,,,,,,,,,,,,,,
Learning Hub at Nanyang Technological University / Singapore,https://www.wazzadu.com/article/1371,1371,,,,,,,,,,,,,,,,,,,,,,,,,,,,,,,,,,,,,,,,,,,,,,,,,,1,,,1,,,,,
,https://www.wazzadu.com/article/4912,4912,,,,,,,,,,,,,1,,,,,,,,,,1,,,,,,,,,,,1,,,1,,,,,,,,,1,,,,,1,,,,,,,1
"การออกแบบ Visual Experience Architecture ด้วยลูกเล่นการใช้โทนสีให้สัมพันธ์กับพื้นที่การใช้งาน  Nous Restaurant & Flowers Project """"",https://www.wazzadu.com/article/2184,2184,,,,,1,,,,,,,,,,1,,,,,,,,,,,,,,,,,,,,,,,,,,,,,,,,,,,1,,,,,,,,
,https://www.wazzadu.com/article/4538,4538,,1,,,,,,,,,,,,,,,,,,,,,,,,,,,,,,,,,,,,,,,,,,,,,,,1,,,,,,,1,1,
สรีระไหนก็เอาอยู่! กับเก้าอี้ทำงาน Ergonomic Chair  ตอบรับทุกฟังก์ชั่นการใช้งานได้อย่างลงตัว,https://www.wazzadu.com/article/2565,2565,,,,1,,,,,1,,,,,,,,,,,,,,,,,,,,,,,,,1,,,,,,,,,,,,,,,,,,,,,,,,
ทนร้อนได้ กันน้ำดี ต้องบานประตู Compact Laminate จาก Korex,https://www.wazzadu.com/article/3841,"3,841",,,,1,,,,,1,,,,,,,,,,,,,,,,,,,,,,,,,,,,,,1,,,,,,,,,,,,,,,,1,,,
เติมสีสันด้วยดีไซน์ที่แตกต่าง...ลืมม่านเรียบๆ ไปได้เลย เพราะม่านปรับแสงจาก TOSO มาพร้อมลูกเล่นที่มากกว่า!,https://www.wazzadu.com/article/3851,"3,851",ใส่ประตูมั้ย,,,1,,,,,1,,,,,,,,,,,,,,,,,,,,,,,,,,,,,,,,,,,,,,,,,,,,,,,,,
แต่งผนังบ้านให้มีสไตล์ย้อนยุคแบบง่ายๆ.. ด้วยกระดาษหนังสือพิมพ์ !?,https://www.wazzadu.com/article/270,270,,1,,,,,,,,,,,,,,,,,,,,,1,,,,,1,,,,,,,,,,,,,,,,,,,,,,1,,,,,,,,
"ลดปัญหาเรื่องฝุ่น ภูมิแพ้จากฝุ่น ด้วย บานหน้าต่างที่มีมู่ลี่ภายในกระจก"" จาก DES """,https://www.wazzadu.com/article/1900,"1,900",,,,1,,,,,,,,,,,,,,,,,,,,,,,,,,,,,,1,1,,,,,,,,,,,,,,,,,,,,1,,,
Sangdong-eup อาคารที่นำแสงธรรมชาติเข้ามาใช้ภายในผ่านหลังคากระจกที่ให้ความโปร่งเบา และช่วยลดทอนความกระด้างของวัสดุ และรูปทรงทางสถาปัตยกรรม,https://www.wazzadu.com/article/2072,"2,072",,,,,,,,,,,,,,,,,,,1,,,,1,,,,,,,,,,,,,,,,,,,,,,,,,,,,,1,,,,,,
Smart Miti Block บล็อกที่ช่วยสร้างมิติให้การตกแต่งผนัง หมดกังวลเรื่องยุงหรือแมลงเข้าบ้าน,https://www.wazzadu.com/article/2164,"2,164",,,,1,,,,,,,,,,,,,,,,,,,,,,,,,,,,,,,,,,,,,,,,,,,,,,1,,,,,,,,
ใช้กับงานไดคัทก็ไม่มีปัญหา ตกแต่งรถ delivery ของแบรนด์ให้สวยและโดดเด่น ด้วย “สติ๊กเกอร์สีทึบแสง” จาก GTECH Corporation,https://www.wazzadu.com/article/2203,"2,203",,,,1,,,,,,,,,,,,,,,,,,,,,,,,,,,,,,,,,,,,,,,,,,,,,,,,,,,,,,
ตกแต่งกระจกให้มีสีสันตามต้องการ ด้วย “สติ๊กเกอร์โปร่งแสง” อายุใช้งานนาน 3 ปี จาก GTECH Corporation,https://www.wazzadu.com/article/2204,"2,204",,,,1,,,,,,,,,,,,,,,,,,,,,,,,,,,,,,,,,,,,,,,,,,,,,,,,,,,,,,
แก้ไขปัญหาเหตุฉุกเฉิน ด้วยการไขกุญแจที่เปิดประตูได้ทุกบาน! กับระบบกุญแจมาสเตอร์คีย์ที่ปลอดภัย ไร้กังวล,https://www.wazzadu.com/article/2336,"2,336",,,,1,,,,,1,,,,,,,,,,,,,,,,,,,,,,,,,,1,1,,,,,,,,,,,,,,,,,,,1,,,
"ไม้ระเบียงภายนอก Chale't"" Renovate ดาดฟ้าอาคารให้กลายเป็นที่พักผ่อนสุดชิล""",https://www.wazzadu.com/article/2468,"2,468",,,,1,,,,,,,,,,,,,,,,,,,,,,,,,,,,,,,,,,,,,,,1,,,,,,,,1,,,,,,,
" ใสใส ใครๆ ก็ชอบ ! ฟิล์มกันร้อน"" ชนิดใส ไม่สะท้อนแสง SUN-GARD""",https://www.wazzadu.com/article/3042,"3,042",,,,1,,,,,,,,,,,,,,,,,,,,,,,,,,,,,,,,,,,,,,,,,,,,,,,,,,,,,,
" เอ็มดีเอฟบอร์ด ทนชื้น (HMR)"" เพิ่มความแข็งแรงแถมยังปลอดภัยด้วยกาวได้มาตรฐาน ไร้สารพิษภายในบ้าน""",https://www.wazzadu.com/article/3209,"3,209",,,,1,,,,,,,,,,,,,,,,,,,,,,,,,,,,,,,,1,,,,,,,,,,,,,,1,1,,,,,,,
"หลักการวิเคราะห์ความเป็นไปได้ของโครงการประเภทโรงแรม และรีสอร์ท Hotel Feasibility Study""""",https://www.wazzadu.com/article/4010,"4,010",,,,,,,1,,,,,,,,,,,,,,,,,,,,,,,,,,,,,,,,,,,,,,,,,,,,,,,,,,,
Material & Style : Modern Victoria Style  กลิ่นอายแห่งความเก่าแก่ แต่ไม่ล้าสมัย,https://www.wazzadu.com/article/108,108,,,,,,,,,,,,,,,,,,,,,,,1,,,1,,,,,,,,,,,,,,,,,,,,,,,,,,,,,,,,
“ความก้าวหน้าแห่งอนาคต 	 นวัตกรรมกระจกที่ไม่หยุดนิ่ง” By AGC,https://www.wazzadu.com/article/178,178,,,,1,,,,,1,1,,,,,,,,,,,,,,,,,,,,,,,,,1,,,,,,,,,,,,,,,,,,,,,,,
INSPIRE : วิธีแบ่งพื้นที่บ้านให้คุ้มค่าแบบง่ายๆ.. ด้วยม่านกั้นห้อง,https://www.wazzadu.com/article/271,271,,,,,,,,,,,,,,,,,,,,,,,1,,,,,,,,,,1,,,,,,,,,,,,,,,,,,,,,,,,,
ไอเดียการตกแต่งห้องนอนแสนรัก เอาใจคนโลกส่วนตัวสูง,https://www.wazzadu.com/article/310,310,,,,,,,,,,,,,,,,,,,,,,,1,,,,,,,,,,,,,,,1,,,,,,,,,,,,,,,,,,,,
แบบนี้ก็มีหรอ!!! มาดู 10 ไอเดีย Design มือจับประตูสุดเฟี๊ยว จะเฟี๊ยวแค่ไหนมาดูกันครับ,https://www.wazzadu.com/article/326,326,,,,,,,,,,,,,,,,,,,,,,,1,,,1,1,,,,,,,,,,,,,,,,,,,,,,,,,,,,1,,,
" ผนังอิฐแก้ว""  ไอเดียการใช้วัสดุโปร่งแสงที่จะช่วยสร้างเสน่ห์ให้กับงานสถาปัตยกรรมดุจดั่งมีชีวิต""",https://www.wazzadu.com/article/348,348,,,,,,,,,,,,,,,1,,,,,,,,1,,,,,,,,,,,,,,,,,,,,,,,,,,,1,,,,,1,,,
ไม่ซีด ไม่จาง กับค่าความสว่างคงที่ ไม่ต้องเปลี่ยนโคมไฟให้ยุ่งยาก เมื่อใช้ LED Track Light จาก Box Bright,https://www.wazzadu.com/article/2887,"2,887",ไฟ,,,1,,,,,1,,,,,,,,,,,,,,,,,,,,,,,,,,1,1,,,,,,,,,,,,,,,,,,,,1,,
True Coffee สยามสแควร์ กับการเลือกใช้กระจก Ceramic Frit ที่ตอบโจทย์ทั้งความงามและการใช้สอย,https://www.wazzadu.com/article/2900,"2,900",,,,,1,,,,,,,,,,1,,,,,,,,,,,,,,,,,,,,,,,,,,,,,,,,,,,,,,,,,,,1
สัมผัสฟีลเหมือนอยู่ใน Stadium ระดับนานาชาติ ด้วยความทันสมัยกับ “ระบบที่นั่งอัฒจันทร์ พับเก็บได้ แบรนด์ Hussey” จาก Skulthai United,https://www.wazzadu.com/article/2939,"2,939",,,,1,,,,,1,,,,,,,,,,,,,,,,,,,,,,,,,,,,,,,,,,,,,,,,,,,,,,,,,
ที่สุดของคุณสมบัติ “แผ่นพลาสวู้ด” กับไอเดียต่อยอดการใช้งานที่ไม่สิ้นสุด!,https://www.wazzadu.com/article/3269,"3,269",วัสดุปิดผิว,,,1,,,,,1,1,,,,,,,,,,,,,,,,,,,,,,,,,,,,,,,,,,,,,,,,,,,,,,,,1
“Butterfly House” ออฟฟิศที่เปี่ยมไปด้วยมนตร์เสน่ห์แห่งไม้แท้,https://www.wazzadu.com/article/3327,"3,327",,,,1,,,,,1,,,,1,,,,,,,,,,,,,,,,,,,,,,,,,,,,,,,,,,,,,1,1,,,,,,,
The Escape Condominium การตกแต่งภายใน ของคอนโด Low rise 8 ชั้น กับการเลือกสุขภัณฑ์ที่ตอบโจทย์ด้านพื้นที่ได้อย่างลงตัว,https://www.wazzadu.com/article/3312,"3,312",,,,,1,,,,1,,,1,,,,,,,,,,,,,,,,,,,,,,,,,,,1,,,,,,,,,,,,,,,,,,,
ตกแต่งฉากกั้นห้องที่ดูลงตัวด้วย Mood & Tone ของกระจก Lamiglas,https://www.wazzadu.com/article/3313,"3,313",ฉากกะเน,,,1,,,,,1,,,,,,,,,,,,,,,,,,,,,,,,,,,,,,,,,,,,,,,,,1,,,,,1,,,
พื้นที่เดิมมุมมองเดิมจะไม่น่าเบื่ออีกต่อไป ด้วยลวดลายบนผิวกระจก Picxelglas สามารถออกแบบเพื่อตอบสนองทุกพื้นที่,https://www.wazzadu.com/article/3314,"3,314",,,,1,,,,,1,,,,,,,,,,,,,,,,,,,,,,,,,,,,,,,,,,,,,,,,,1,,,,,,,,
ดูแลรักษาพื้นไม้ลามิเนตอย่างไรให้ใช้งานได้ยาวนานตามต้องการ?,https://www.wazzadu.com/article/3919,"3,919",,1,,1,,,,,1,1,,,,,,,,,,,,,,,,,,,,,,,,,,,,,,,,,,,,,,,,,1,,,,,,,
รวมข้อมูลวัสดุศาสตร์ 12 วัสดุปิดผิวยอดนิยม สำหรับงานตกแต่งภายใน พร้อมรายละเอียดการออกแบบ และติดตั้ง,https://www.wazzadu.com/article/3920,"3,920",,1,,,,,,,,,,,,,,,,,,,,1,1,,,,,,,,,,1,,,,,,,,,,,,,,,,,1,,,,,,,,
"ให้ความยาว façade ได้มากกว่าที่อื่นแบบไร้รอยต่อกับ แผ่นพลาสวู้ด (Plastwood)"" จาก Thai Plastwood ในโปรเจกต์ sales gallery คอนโด Walden Thonglor 8""",https://www.wazzadu.com/article/4126,"4,126",,,,1,,,,,,,,1,,,,,,,,,,,,,,,,,,,,,1,,,,,,,,,,,,,,,,,,,,,,,,,1
ไม้ประสาน 3 ชนิด ที่นิยมตลอดกาลสำหรับงานออกแบบเฟอร์นิเจอร์เพื่อคนรักไม้,https://www.wazzadu.com/article/4127,"4,127",,1,,1,,,,,,,,,,,,,,,,,,,,,,,,,,,,,,,,,,,,,,,,,,,,,,,,,,,,,,
“ไม้อัดปิดผิววีเนียร์”ความสวยงามจากวัสดุทดแทนไม้จริง ที่ได้รับความนิยมนำมาใช้ในงานตกแต่งภายใน,https://www.wazzadu.com/article/1821,"1,821",,,,1,,,,,1,,,,,,,,,,,,,,,,,,,,,,,,,,,,,,,,,,,,,,,,,,,,,,,,,
เปลี่ยน Space ภายในให้อบอุ่น และเป็นธรรมชาติด้วย “ไม้อัดปิดผิววีเนียร์”,https://www.wazzadu.com/article/1822,"1,822",,,,1,,,,,1,,,,,,,,,,,,,,,,,,,,,,,,,,,,,,,,,,,,,,,,,,,,,,,,,
"Lighting Magic Inspiration"" แสงไฟที่เปลี่ยนสีได้ตามความต้องการ ตอบโจทย์การออกแบบแสงที่ต้องการความหลากหลาย""",https://www.wazzadu.com/article/1823,"1,823",,,,,1,,,,,1,,,,,,,,,,,,,1,,,,,,,,,,,,,,,,,,,,,,,,,,,,,,,,,1,,
"เติมเต็มความ Art ให้งานสถาปัตยกรรมมีสีสัน ด้วยวัสดุกระจกสี Lamiglas Tempered""""",https://www.wazzadu.com/article/1836,"1,836",,,,1,,,,,1,,,,,,,,,,,,,,,,,,,,,,,,,,,,,,,,,,,,,,,,,1,,,,,1,,,
"สร้าง Landmark ให้งานสถาปัตยกรรมมีอัตลักษณ์เด่นเฉพาะตัว ด้วยวัสดุกระจกสี Lamiglas Tempered""""",https://www.wazzadu.com/article/1837,"1,837",,,,1,,,,,1,,,,,,,,,,,,,,,,,,,,,,,,,,,,,,,,,,,,,,,,,,,,,,,,,
เก้าอี้ Lounge Chair “Benny” สวยสง่า เพิ่มรสนิยมในแบบคุณ,https://www.wazzadu.com/article/789,789,แฝงประชาสัมพันมั้ย,,,1,,,,,1,,,,,,,,,,,,,,,,,,,,,,,,,,,,,,,,,,,,,,,,,,,,,,,,,
เก้าอี้สตูลทรงสูง “Aster” เสน่ห์ความเท่จากรูปทรงที่เรียบง่ายและมีเอกลักษณ์,https://www.wazzadu.com/article/793,793,แฝงประชาสัมพันมั้ย,,,1,,,,,1,,,,,,,,,,,,,,,,,,,,,,,,,,,,,,,,,,,,,,,,,,,,,,,,,
เอาไปใช้!!! 7 ไอเดีย การตกแต่งห้องน้ำแบบเรียบง่ายให้สวยชิค ในราคาเบาๆถึงปานกลาง,https://www.wazzadu.com/article/924,924,,,,1,,,,,,,,,,,,,,,,,,1,1,,,,1,,1,,1,,,,,,,,1,,,,,,,,,,,1,1,,,,,,,
รวม 10 แบบบ้านชั้นเดียว ในสไตล์ทรอปิคอลแบบโดนๆ สำหรับผู้ที่ชอบบ้านหลังเล็ก ราคาประหยัดงบ !!,https://www.wazzadu.com/article/925,925,,,,,,,,,,,,,,,,,,,,,,1,1,,,,,,1,,,,,,,,,,,,,,,,,,,,,,,,,,,,,
วัสดุเเนะนำ : ไม้อัด OSB (Oriented Strand Board)  กับคุณสมบัติที่น่ารู้ก่อนจะนำเอาไปใช้งาน,https://www.wazzadu.com/article/1187,"1,187",,1,,,1,,,,,,,,,,,,,,,,,,,,,,,,,,,,,,,1,,,,,,,,,,,,,,1,1,1,,,,,1,
ผสมผสานความเท่และน่ารัก ด้วยนาฬิกานกน้อยสไตล์ลอฟท์ จากร้านสุดฮิตในจตุจักร : ชื่อสินค้า “บ้านนกดำ”,https://www.wazzadu.com/article/1188,"1,188",,,,1,,,,,1,,,,,,,,,,,,,,,,,,,,,,,,,,,,,,,,,,,,,,,,,,,,,,,,,
"สัมผัสกลิ่นอายสถาปัตยกรรมแบบ Industrial Elegance ในแบบฉบับ MAESTRO 19 RATCHADA19-VIPHA""""",https://www.wazzadu.com/article/1189,"1,189",,,,1,,,,,,,,1,,,,,,,,,,,,,,,,,,,,,,,,,,,,,,,,,,,,,,1,,,,,1,,,
"โคมไฟส่องสว่างภายในโรงงานอุตสาหกรรม ให้แสงสว่างมาก ประหยัดไฟกว่า 70%""""",https://www.wazzadu.com/article/2258,"2,258",,,,1,,,,,1,,,,,,,,,,,,,,,,,,,,,,,,,,,,,,,,,,,,,,,,,,,,,,,,,
นวัตกรรมใหม่ ‘Air Free’ ฟิล์มตกแต่งภายในปิดผิวผนัง เรียบ เนี๊ยบ ไร้ฟองอากาศ!!,https://www.wazzadu.com/article/2259,"2,259",,,,1,,,,,1,,,,,,,,,,,,,,,,,,,,,,,,,,1,,,,,,,,,,,,,,,1,,,,,,,,
แนะนำสินค้าใหม่ประจำวัน : พัดลมโบราณ เสน่ห์แห่งความคลาสสิค,https://www.wazzadu.com/article/455,455,,,,1,,,,,1,,,,,,,,,,,,,,,,,,,,,,,,,,,,,,,,,,,,,,,,,,,,,,,,,
"5 อันดับ"" บทความรีโนเวทสุด Cool บน wazzadu.com""",https://www.wazzadu.com/article/781,781,,,,,,1,,,,,,,,,,,,,,,,1,1,,,,,,,,,,,,,,1,,,,,,,,,,,,,,,,,,,,,
DES Enclosed Blind Glass and its applicaton,https://www.wazzadu.com/article/782,782,,,,,,,,,1,1,,,,,,,,,,,,,,,,,,,,,,,,,,,,,,,,,,,,,,,,,,,,,1,,,
“Twist” เก้าอี้สตูลที่ถูก Design ให้เสมือนภาพลวงตา ด้วยมุมมองของรูปทรงที่เป็น 3 มิติ,https://www.wazzadu.com/article/1086,"1,086",,,,1,,,,,1,,,,,,,,,,,,,,,,,,,,,,,,,,,,,,,,,,,,,,,,,,,,,,,,,
พื้นไม้สี Teak กับการตกเเต่งในห้องรับประทานอาหารให้เป็นสไตล์ Tropical Modern !!,https://www.wazzadu.com/article/1310,"1,310",,,,1,,,,,1,,,,,,,,,,,,,,,,,1,,,1,,,,,,,,,1,,1,1,,,,,1,,,,,1,,,,,,,
5 ผลงานสถาปัตยกรรม!!! ที่นำกระจกมาสร้างสรรค์รูปทรงอาคารในมิติที่แปลกใหม่ น่าค้นหา,https://www.wazzadu.com/article/1311,"1,311","ผนังภายนอกอาคาร, ผนังอาคารภายนอก",,,,,,,,,,,,,,,,,,1,,,,1,,,,,,,,,,,,,,,,,,,,,,,,,,,,,,,,,,,1
มาทำความรู้จัก ไม้อัด มอก. 178-2549 กันเถอะ…!,https://www.wazzadu.com/article/1312,"1,312",,1,,,1,,,,,,,,,,,,,,,,,,,,,,,,,,,,,,,1,,,,,,,,,,,,,,,,,,,,,,
บานเลื่อน SM1.21 สำหรับใช้ในห้องแต่งตัว ช่วยตอบโจทย์การใช้งานได้อย่างเหมาะสม,https://www.wazzadu.com/article/1318,"1,318",,,,1,,,,,1,,,,,,,,,,,,,,,,,,,,,,,,,,,,,,,,,,,,,,1,,,,,,,,1,,,
"ภาพไอเดีย พร้อมเทคนิคการเลือกใช้ บานเลื่อนกั้นห้องแต่งตัว"" ให้เหมาะกับบ้านสไตล์ต่างๆ !!""",https://www.wazzadu.com/article/1319,"1,319",,,,1,,,,,,,,,,,,,,,,,,,1,,,,,,,,,,,,,,,,,,,,,,,,1,,,,,,,,1,,,
A uniquely innovative material and solution for kitchen & bath applications,https://www.wazzadu.com/article/1320,"1,320",,,,,,,,,1,1,,,,,,,,,,,,,,,,,,,,,,,,,,,,,,,1,,,,,,,,,,,,,,,,,
วัสดุปิดผิวสำหรับงานตกแต่งภายใน (Decorative material for Interior applications) กับคุณสมบัติที่น่ารู้ก่อนจะนำเอาไปใช้งาน,https://www.wazzadu.com/article/1350,"1,350",,1,,,,,,,,,,,,,,,,,,,,,,,,,,,,,,,,,,,,,,,,,,,,,,,,,,,,,,,,
กระเบื้องยาง (Rubber floor tile) กับคุณสมบัติที่น่ารู้ก่อนจะนำเอาไปใช้งาน,https://www.wazzadu.com/article/1351,"1,351",,1,,,,,,,,,,,,,,,,,,,,,,,,,,,,,,,1,,,,,,,,,,,,,,,,,,1,,,,,,,
Wazzadu Academy :: คอนกรีตแสตมป์ (Stamped Concrete) กับคุณสมบัติที่น่ารู้ก่อนจะนำเอาไปใช้งาน,https://www.wazzadu.com/article/1352,"1,352",,1,,,,,,,,,,,,,,,,,,,,,,,,,,,,,,,,,,,,,,,,,,,,,,,,,1,,,,,,,
พื้น Epoxy กับคุณสมบัติที่น่ารู้ก่อนจะนำเอาไปใช้งาน,https://www.wazzadu.com/article/1353,"1,353",,1,,,,,,,,,,,,,,,,,,,,,,,,,,,,,,,,,,,,,,,,,,,,,,,,,1,,,,,,,
พื้น PU กับคุณสมบัติที่น่ารู้ก่อนจะนำเอาไปใช้งาน,https://www.wazzadu.com/article/1354,"1,354",,1,,,,,,,,,,,,,,,,,,,,,,,,,,,,,,,,,,1,,,,,,,,,,,,,,,1,,,,,,,
"วอลเปเปอร์ผลิตจากแผ่นเยื่อไม้"" ให้สัมผัสของ Texture ที่โดดเด่นสะดุดตา !""",https://www.wazzadu.com/article/1436,"1,436",,,,1,,,,,1,,,,,,,,,,,,,,,,,,,,,,,,,,,,,,,,,,,,,,,,,1,,,,,,,,
พื้นไม้จริง (Wood Flooring) กับคุณสมบัติที่ควรรู้ก่อนนำไปใช้งาน,https://www.wazzadu.com/article/1437,"1,437",,1,,,,,,,,,,,,,,,,,,,,,,,,,,,,,,,1,,,,,,,,,,,,,,,,,,1,,,,,,,
"กระจกเงาโบราณ Artmirror"" วัสดุตกแต่งที่ให้กลิ่นอาย Modern Rustic ได้อย่างลงตัว""",https://www.wazzadu.com/article/1495,"1,495",,,,1,,,,,1,,,,,,,,,,,,,,,,,1,,,,,,,,,,,,,,,,,,,,,,,,1,,,,,,,,
ประตูลายหินอ่อน ที่ไม่ใช่หินอ่อน เบากว่าทั้งน้ำหนักและราคา,https://www.wazzadu.com/article/1846,"1,846",,,,1,,,,,1,,,,,,,,,,,,,,,,,,,,,,,,,,,,,,,,,,,,,,,,,1,,,,,1,,,
"อ่อนช้อยงดงาม เอกลักษณ์ที่โดดเด่นของลายไทยบน กระจกพิมพ์ลาย"" ที่แสดงถึงความเป็นไทยอย่างชัดเจน""",https://www.wazzadu.com/article/1847,"1,847",,,,1,,,,,1,,,,,,,,,,,,,,,,,,,,,,,,,,,,,,,,,,,,,,,,,1,,,,,1,,,1
แรงบันดาลใจจาก “หอยมุกมา-เบ” สู่การตกแต่งโดยใช้กระจก Colorkote จนเป็นงานศิลปะการออกแบบ ที่โด่ดเด่นไม่เหมือนใคร,https://www.wazzadu.com/article/1848,"1,848",,,,1,,,,,1,,,,,,,,,,,,,,,,,,,,,,,,,,,,,,,,,,,,,,,,,1,,,,,,,,
"Multi-Chamber""ระบบประตูหน้าต่าง uPVC ที่มีคุณสมบัติช่วยลดความร้อนจากภายนอก จึงทำให้ภายอาคารมีสภาวะสบายมากขึ้น""",https://www.wazzadu.com/article/1849,"1,849",,,,1,,,,,1,,,,,,,,,,,,,,,,,,,,,,,,,,,,,,,,,,,,,,,,,,,,,,1,,,
วิธีเลือกวอลเปเปอร์ตกแต่งผนังสำหรับพื้นที่ของเด็กน้อย ให้ดูแลรักษาง่ายและปลอดภัยกับเด็กๆ,https://www.wazzadu.com/article/2028,"2,028",,,,,,,,,,,,,,,,,,,,,,,1,,,,,,,,,,,,,,,,,,,,,,,,,,,1,,,,,,,,
"Fulton Center"" สถานีเปลี่ยนถ่ายการขนส่งสาธารณะกับการนำแสงธรรมชาติเข้ามาใช้ภายในอาคารผ่านหลังคากระจกขนาดใหญ่""",https://www.wazzadu.com/article/2029,"2,029",รีวิวเกี่ยวข้องกับสินค้าที่ไม่ได้พูดถึง,,,,,,,,,,,,,,,,,1,,,,,,,,,,,,,,,,,,,,,,,,,,,,,,,,,,1,,,,,,
"หมดปัญหาไม้ผุพังจากสภาพอากาศ ไร้กังวลเรื่องปลวกกิน"" กับผลิตภัณฑ์ไม้สังเคราะห์ (WPC) รุ่น Lite Decking รูปแบบ M-Shape """,https://www.wazzadu.com/article/2374,"2,374",,,,,,,,,1,,,,,,,,,,,,,,,,,,,,,,,,,,,,,,,,,,,,,,,,,,1,,,,,,,
ไม้สังเคราะห์ (WPC) กับ INNOVATION RAWMATERIAL ที่เป็นมิตรกับสิ่งแวดล้อมอย่างยั่งยืน,https://www.wazzadu.com/article/2375,"2,375",,,,1,,,,,1,1,,,,,,,,,,,,,,,,,,,,,,,,,1,,,,,,,,,,,,,,,1,1,,1,,,,,
มาขยายฟังก์ชั่นของเฟอร์นิเจอร์ ด้วยพลังแห่งมัลติฟังก์ชั่นเพื่อการใช้งานในพื้นที่ขนาดเล็ก,https://www.wazzadu.com/article/2524,"2,524",,,,1,,,,,1,,,,,,,,,,,,,,1,,,,,,,,,,,,,,,,,,,,,,,,,,,,,,,,,,,
เดินสบาย ไม่ต้องกลัวสะดุด เพราะมีจมูกบันได !,https://www.wazzadu.com/article/2749,"2,749",,,,1,,,,,1,,,,,,,,,,,,,,,,,,,,,,,,1,,,,,,,,,,,,,,,,,,,,,,,,,
EVALAM ลายผ้ากับการตกแต่งภายในของ“Jumbo Seafood  สาขา ICON SIAM” ร้านชื่อดังจากสิงคโปร์,https://www.wazzadu.com/article/3048,"3,048",ห้องโถง,,,,1,,,,,1,,,,,1,,,,,,,,,,,,,,,,,,,,,,,,,,,,,,,,,,,,,,,,,,,
“พื้นไม้จริง Chale’t” กับมิติแห่งสัมผัสธรรมชาติท่ามกลางความหรูหรามีระดับ ที่ The Bangkok Sathorn,https://www.wazzadu.com/article/3049,"3,049",,,,,,,,,1,,,1,,,,,,,,,,,,,,,,,,,,,,,,,,,,,,,,,,,,,,,1,,,,,,,
อยากติดกันสาดผ้าใบ…ใช้แบบไหนดี? [คุณสมบัติของกันสาดแต่ละรุ่น],https://www.wazzadu.com/article/3451,"3,451",,,,1,,,,,,,,,,,,,,,,,,,1,,,,,,,,,,,,,,,,,,,,,,,,,,,,,,,,,,,1
"Kaffeehaus"" คาเฟ่สไตล์เวียนนิส กับ “ไม้แท้มีชีวิต” สีสันจากธรรมชาติ...ที่จะพาคุณดำดิ่งสู่โลกแห่งความหรูหราสุดคลาสสิก! """,https://www.wazzadu.com/article/3452,"3,452",,,,1,,,,,1,1,,,,,1,,,,,,,,,,,,,,,,,,,,,,,,,,,,,,,,,,1,,,,,,,,1,
ประหยัดเวลา แรงงาน และต้นทุน ด้วยสินค้าคุณภาพ กับบริการ Cut & Bend,https://www.wazzadu.com/article/3453,"3,453",,,,1,,,,,,1,,,,,,,,,,,,,,,,,,,,,,,,,,,,,,,,,,,,,,,,,,,,,,,,
ส่องสว่างได้ทั่วถึง แม้อยู่ในมุมอับกับชุดโคมไฟ LED Track Light  รุ่น TL02 – 35W,https://www.wazzadu.com/article/3780,"3,780",,,,1,,,,,1,,,,,,,,,,,,,,,,,,,,,,,,1,,,,,,,,,,,,,,,,,,,,,,,1,,
เปลี่ยน Mood & Tone ให้กับทุกพื้นที่ใช้งานด้วยชุดโคมไฟ LED Downlight รุ่น DL207,https://www.wazzadu.com/article/3781,"3,781",,,,1,,,,,1,,,,,,,,,,,,,,,,,,,,,,,,,,1,,,,,,,,,,,,,,,,,,,,,1,,
สินค้าตระกูล Decorate จาก CPS แผ่นทางเท้าที่ให้สัมผัสวัสดุจากธรรมชาติ ทนทาน เหมาะกับทุกงานดีไซน์,https://www.wazzadu.com/article/4048,"4,048",,,,1,,,,,1,1,,,,,,,,,,,,,,,,,,,,,1,,,,,,,,,,,,,,,,,,,,1,,,,,,,
โลหะลอยน้ำได้! แรงบันดาลใจจากแมงมุมและมดคันไฟ ต่อยอดสู่ไอเดียแห่งอนาคต เมืองลอยน้ำและเรือที่ไม่มีวันจม,https://www.wazzadu.com/article/4049,"4,049",,1,,,,,,,,,,,,,,,,,,,,,1,,,,,,,,,,,,1,,,,,,,,,,,,,,,,,,,,,,1,
เตียงพร้อมที่นอนเพื่อสุขภาพ ‘Intime 1000’ เพิ่มช่วงเวลาดีๆ ในการนอนหลับ สำหรับคุณและทุกคนในครอบครัว,https://www.wazzadu.com/article/4051,"4,051",,,,1,,,,,1,,,,,,,,,,,,,,,,,,,,,,,,,1,,1,,1,,,,,,,,,,,,,,,,,,,,
อิฐมวลเบา G4 Smartblock และ คานทับหลังสำเร็จรูป Smart Lintel กับสร้างอาคารทนไฟ กันความร้อนได้ดี และประหยัดสองต่อ,https://www.wazzadu.com/article/4093,"4,093",,,,1,,,,,1,1,,,,,,,,,,,,,,,,,,,,,,,,,,,,,,,,,,,,,,,,1,,,,,,,,
5 โปรเจกต์เมืองลอยน้ำจากทั่วโลก จินตนาการที่กำลังจะเป็นจริง! (Futuristic Floating City),https://www.wazzadu.com/article/4094,"4,094",,,,,,1,,,,,,,,,,,,1,,,,,1,,,,,,,,,,,,1,,,,,,,,,,,,,,,,,,,,,,,
ประหยัดพลังงานและการใช้พลังธรรมชาติอย่างลงตัว trend การออกแบบที่รักเราและรักษ์โลก,https://www.wazzadu.com/article/4095,"4,095",,,,1,,,,,,,,,,,,,,,,,,,1,,,,,,,,,,,,,,1,,,,,,,,,,,,,1,,,,,,,,
Grace Street Live/Work: บ้านพักอาศัยที่มิติของฟาซาดเปลี่ยนไปตามช่วงเวลาของแต่ละวัน,https://www.wazzadu.com/article/4134,"4,134",,,,,,,,,,,1,,,,,,,,,,,,1,,,,,,,,,,,,,,,,,,,,,,,,,,,1,,,,,,,,1
WVT Sustainable Corporate Social Housing: โครงการปรับปรุงอพาร์ทเม้นท์พนักงานโรงงานอุตสาหกรรม ในจังหวัดสมุทรสาคร,https://www.wazzadu.com/article/4135,"4,135",,,,,,,,,,,,1,,,,,,,,,,,1,,,,,,,,,,,,,,,,,,,,,,,,,,,,,,,,,,1,
“ใส่ใจดินซักนิด ก่อนคิดจะลงเสาเข็ม”,https://www.wazzadu.com/article/4136,"4,136",,1,,1,,,,,,,,,,,,,,,,,,,,,,,,,,,,,,,,,,,,,,,,,,,,,,,,,,,,1,,
พื้นที่ภายนอกร้านอาหารไฮเอ็นด์ กับไม้พื้นสังเคราะห์เกรดพรีเมียม มอบสัมผัสและพื้นผิวที่เสมือนไม้ธรรมชาติ ด้วยเทคโนโลยี SCI CO-EXTRUDED,https://www.wazzadu.com/article/4137,"4,137",,,,1,,,,,,1,,,,,,,,,,,,,,,,,,,,,,,,,,,,,,,,,,,,,,,,,1,,,,,,,
ก๊อกบอลแฟนซี 5 สีสดใส จาก SANWA  มาพร้อมตัวเรือนกะทัดรัด และด้ามจับถนัดมือ,https://www.wazzadu.com/article/3819,"3,819",,,,1,,,,,1,,,,,,,,,,,,,,,,,,,,,,,,,,,1,,,,,,,,,,,,,,,,,,,,,,
ไม่มืดจนเกินไป พร้อมลดความร้อนได้ดีกว่า! ด้วยฟิล์มอาคารที่มอบความคุ้มค่าทุกการใช้งาน,https://www.wazzadu.com/article/3820,"3,820",,,,1,,,,,1,,,,,,,,,,,,,,,,,,,,,,,,,,,,,,,,,,,,,,,,,,,,,,,,,
ใส เคลียร์ ชัด ลดความร้อนเยี่ยม! ต้องฟิล์มนาโนเซรามิค CM55 เทคโนโลยีล่าสุดจาก Sun-Gard,https://www.wazzadu.com/article/3821,"3,821",,,,1,,,,,1,,,,,,,,,,,,,,,,,,,,,,,,,,,1,,,,,,,,,,,,,,,,,,,,,,
รวมข้อดี-ข้อเสีย พื้นไม้ลามิเนต (Laminate Flooring),https://www.wazzadu.com/article/3921,"3,921",ข้อดีข้อเสีย,1,,1,,,,,,,,,,,,,,,,,,,,,,,,,,,,,,,,,,,,,,,,,,,,,,,1,,,,,,,
งานไม้ภายนอก สวยครบจบที่ Décor slim,https://www.wazzadu.com/article/3923,"3,923",,,,1,,,,,1,,,,,,,,,,,,,,,,,,,,,,,,,,,1,,,,,,,,,,,,,,,,,,,,,,1
อยากรู้ไหม ก๊อกน้ำที่ดี ควรเป็นเป็นยังไงนะ ?,https://www.wazzadu.com/article/2772,"2,772",,1,,,1,,,,,,,,,,,,,,,,,,,,,,,,,,,,,,,,,,,,,,,,,,,,,,,,,,,,,
SANWA ก๊อกบอลหน้ามน หมดกังวลเรื่องสนิม !,https://www.wazzadu.com/article/2773,"2,773",,,,,,,,,1,,,,,,,,,,,,,,,,,,,,,,,,,,,1,,,,,,,,,,,,,,,,,,,,,,
เลือกวัสดุพื้นไม้คอร์กและผนังไม้คอร์กเกรดพรีเมียมจากประเทศโปรตุเกส กับแบรนด์ Wicanders by O2E Supply,https://www.wazzadu.com/article/2774,"2,774",,,,1,,,,,,1,,,,,,,,,,,,,,,,,,,,,,,,,,,,,,,,,,,,,,,,1,1,,,,,,,
Innovation ใหม่ภายในห้องน้ำจาก KOREX เปลี่ยนผนังกั้นห้องน้ำธรรมดาให้หรูหรา จนใครๆก็อยากใช้งาน,https://www.wazzadu.com/article/2697,"2,697",,,,1,,,,,1,,,,,,,,,,,,,,,,,,,,,,,,,,1,,,,1,,,,,,,,,,,1,,,,,,,,
ก้าวออกจากกรอบไปกับแทรนดาร์ อีโคโฟน,https://www.wazzadu.com/article/2698,"2,698",,,,,,,,,1,1,,,,,,,,,,,,,,,,,,,,,,,,,,,,,,,,,,,,,,,,,,,1,,,,,
ใช้ไม้จากป่าปลูกดียังไง? ตามมาดูมาตรฐาน “ไม้ฝาสน” จากชาเล่ต์ ผลิตภัณฑ์เพื่อส่งเสริมการจัดการป่าไม้อย่างยั่งยืน,https://www.wazzadu.com/article/3914,"3,914",,1,,1,,,,,1,,,,,,,,,,,,,,,,,,,,,,,,,,,1,,,,,,,,,,,,,,1,,,1,,,,,
พร้อมรับมือทุกภัยพิบัติ ด้วยโครงสร้างเหล็ก SD40S ที่เหนียวกว่า ยืดหยุ่นกว่า แข็งแรงกว่า!,https://www.wazzadu.com/article/3913,"3,913",มารตฐานมั้ย,,,1,,,,,1,,,,,,,,,,,,,,,,,,,,,,,,,,,1,,,,,,,,,,,,,,,,,,,,,1,
มารู้จักกับ “ขอบคันหิน (Curb Stone)” อุปกรณ์ที่ช่วยจัดแต่งขอบถนนและขอบสนามให้เรียบร้อย สวยงาม,https://www.wazzadu.com/article/3950,"3,950",,,,1,,,,,1,,,,,,,,,,,,,,1,,,,,,,,,,,,,,,,,,,,,1,,,,,,,1,,,,,,,
‘Intime 7000’ ที่นอน 3 layers และเทคโนโลยี Aqua Cell    ที่ช่วยกระจายแรงกดทับ,https://www.wazzadu.com/article/3956,"3,956",,,,1,,,,,1,,,,,,,,,,,,,,,,,,,,,,,,,1,1,1,,1,,,,,,,,,,,,,,,,,,,,
"หรูหรากว่าใครกับแผ่นไฮเพรสเซอร์ลามิเนตมันเงาพิเศษ Gloss (GPRO+)"" จาก Fineness""",https://www.wazzadu.com/article/3958,"3,958",,,,1,,,,,1,1,,,,,,,,,,,,,,,,,,,,,,,,,1,1,,,,,,,,,,,,,,1,,,,,,,,
เมื่อพลาสวู้ดถูกนำมาออกแบบเป็นชุดเฟอร์นิเจอร์ครัว จะออกมาเป็นยังไง?!,https://www.wazzadu.com/article/4062,"4,062",,,,1,,,,,1,,,,,,,,,,,,,,,,,,,,,,,,,,,,,,,,1,,,,,,,,,,,,,,,,,
ฉากกั้นจาก “แผ่นเรียบพลาสวู้ด PlastWood” ฉลุลายได้ฉิว แค่เข้าเครื่อง CNC,https://www.wazzadu.com/article/4063,"4,063",ฉากกั้น,,,1,,,,,1,1,,,,,,,,,,,,,,,,,,,,,,,,,,,,,,,,,,,,,,,,1,,,,,,,,
สร้างงานสถาปัตยกรรมภายในและภายนอกอาคาร อย่างเป็นเอกลักษณ์ ด้วย “ระแนงไวนิล PlastPole”,https://www.wazzadu.com/article/4064,"4,064",,,,1,,,,,1,1,,,,,,,,,,,,,,,,,,,,,,,,,,,,,,,,,,,,,,,,,,,,,,,,1
จริงหรือไม่? หากอยู่อาศัยในคอนโด ไม่ต้องกลัวเรื่องปลวกอีกต่อไป?,https://www.wazzadu.com/article/4120,"4,120",ปลวก,,,1,,,,,1,,,,,,,,,,,,,,,,,,,,,,,,,,,,,,,,,,,,,,,,,,,,,,,,,
บ้านติดไซเรน สัญญาณเตือนฉุกเฉิน เมื่อปลวกระบาดขึ้นบ้านคุณอย่างหนัก...,https://www.wazzadu.com/article/4121,"4,121",ปลวก,,,1,,,,,1,,,,,,,,,,,,,,,,,,,,,,,,,,,,,,,,,,,,,,,,,1,1,,,,,,,
กลบจุดอ่อน เสริมจุดเด่น อีกทางเลือกของวัสดุทดแทนไม้ “พลาสวู้ด (Plastwood)” เพื่องานออกแบบอาคาร,https://www.wazzadu.com/article/4122,"4,122",,,,1,,,,,1,1,,,,,,,,,,,,,,,,,,,,,,,,,,,,,,,,,,,,,,,,1,1,,1,,,,,1
การเลือกใช้วัสดุเพื่อทำอาคารสำหรับเด็ก เลือกอย่างไรให้เด็กปลอดภัยจากสารพิษต่างๆที่มองไม่เห็น,https://www.wazzadu.com/article/2989,"2,989",,1,,,1,,,,1,1,,,,,,,,,,,,,,,,,,,,,,,,1,,1,,,,,,,,,,,,,,,,,,,,,,
มารู้จักกับ VOCs สารระเหยจากเฟอร์นิเจอร์กันดีกว่าเพื่อการเลือกวัสดุที่ไม่ทำร้ายเราอีกต่อไป,https://www.wazzadu.com/article/2990,"2,990",,1,,,1,,,,1,1,,,,,,,,,,,,,,,,,,,,,,,,1,,1,,,,,,,,,,,,,,,,,,,,,,
+ ทำไมไฟฟ้าประเทศไทยต้อง 220V? +,https://www.wazzadu.com/article/2978,"2,978",,1,,1,1,,,,1,1,,,,,,,,,,,,,,,,,,,,,,,,,,,,,,,,,,,,,,,,,,,,,,1,,
สร้างอิสระในการออกแบบห้องน้ำเด็กให้สดใส ไม่จำเจ ด้วยผนังห้องน้ำสำเร็จรูป PANEL BRAND ที่ดีไซน์รูปทรงและลวดลายได้ตามต้องการ ทั้งสวยงามและปลอดภัยสำหรับเด็กๆ,https://www.wazzadu.com/article/1955,"1,955",ผนังกั้นห้องน้ำ,,,1,,,,,1,,,,,,,,,,,,,,,,,,,,,,,,,,,,,,1,,,,,,,,,,,1,,,,,,,,
Interior Partition สไตล์คลาสสิค ช่วยเพิ่มเสน่ห์และกลิ่นอายของการตกแต่งบ้านแบบเอเชีย,https://www.wazzadu.com/article/1956,"1,956",ฉากกั้น,1,,1,,,,,,,,,,,,,,,,,,,1,,,,,,,1,,,,,,,,,,,,,,,,,,,,,,,,,,,,
อลูมิเนียม คอมโพสิต (Aluminum Composite) กับคุณสมบัติที่ควรรู้ก่อนจะนำไปใช้งาน,https://www.wazzadu.com/article/1958,"1,958",,1,,,1,,,,,,,,,,,,,,,,,,,,,,,,,,,,,,1,1,,,,,,,,,,,,,,1,,,,,,,,1
บานเลื่อนกั้นห้องแบบรางเรียบ ให้ทุกย่างก้าว SMOOTH สบายเท้าเดินไม่สะดุด สำหรับงานโครงการที่ต้องการความสมบูรณ์แบบ !,https://www.wazzadu.com/article/1957,"1,957",,,,1,,,,,1,,,,,,,,,,,,,,,,,,,,,,,,,,,,,,,,,,,,,,1,,,,,,,,1,,,
เหล็กรูปพรรณ (Steel) กับคุณสมบัติที่ควรรู้ก่อนจะนำไปใช้งาน,https://www.wazzadu.com/article/1959,"1,959",,1,,,,,,,,,,,,,,,,,,,,,,,,,,,,,,,,,,,,,,,,,,,,,,,,,,,,,,,1,
ไม้คอร์ก (Cork Wood) กับคุณสมบัติที่ควรรู้ก่อนจะนำไปใช้งาน,https://www.wazzadu.com/article/1960,"1,960",,1,,,,,,,,,,,,,,,,,,,,,,,,,,,,,,,,,,,,,,,,,,,,,,,,1,1,,1,,,,,
3 วิธีง่ายๆ!! มาเลือกอุปกรณ์ตกแต่งห้องนอนที่เทคแคร์ครอบครัวให้ปลอดภัยกันเถอะ!,https://www.wazzadu.com/article/2000,"2,000",,,,,1,,,,,,,,,,,,,,,,,,1,,,,,,,,,,,,,,,1,,,,,,,,,,,,,1,,,,1,,,
"Review การติดตั้งโซฟาในโครงการบ้านของ ผู้ใช้งานจริง"" โซฟาที่สามารถออกแบบและสั่งทำขนาดได้ตามต้องการ [Sofabed Home]""",https://www.wazzadu.com/article/2001,"2,001",,,,1,,,,,,1,,,,,,,,,,,,,,,,,,,,,,,,,,,,,,,,,,,,,,,,,,,,,,,,
ออกแบบห้องครัวและห้องนั่งเล่นให้สัมผัสถึงความอบอุ่นจากแสงสว่างและวัสดุปูพื้นประเภทไม้คอร์ก,https://www.wazzadu.com/article/2002,"2,002",,,,,1,,,,,,,,,,,,,,,,,,1,,,,,,,,,,,,,,,,,1,1,,,,,,,,,,1,,,,,,,
“Steel Solution New Services by SYS” บริการงานโครงสร้างเหล็กครบวงจร,https://www.wazzadu.com/article/2005,"2,005",,,,1,,,,,,1,,,,,,,,,,,,,,,,,,,,,,,1,,,1,,,,,,,,,,,,,,,,,,,,,1,
หลักการออกแบบด้วย แทรนดาร์ โซโล,https://www.wazzadu.com/article/2673,"2,673",,,,,,,,,1,,,,,,,,,,,,,,,,,,,,,,,,,,,,,,,,,,,,,,,,,,,,1,,,,,
ประโยชน์ของการใช้โคมไฟ ไฮเบย์ (High Bay),https://www.wazzadu.com/article/2677,"2,677",,1,,1,1,,,,1,,,,,,,,,,,,,,,,,,,,,,,,1,,,,,,,,,,,,,,,,,,,,,,,1,,
แทรนดาร์ เอเอ็มเอฟ สุดฮอต !,https://www.wazzadu.com/article/2679,"2,679",,,,,,,,,1,,,,,,,,,,,,,,,,,,,,,,,,,,,1,,,,,,,,,,,,,,,,,,,,1,,
"มาดูให้รู้กันไป..เมื่อหน้าต่างทั่วไป"" มาไฟว์กับ ""กระจกมู่ลี่""""",https://www.wazzadu.com/article/2680,"2,680",,1,,1,,,,,,,,,,,,,,,,,,,,,,,,,,,,1,,,,,,,,,,,,,,,,,,,,,,,1,,,
เพราะเข้าใจ จึงใส่ใจยิ่งกว่า! ลิฟท์ Cibes กับโครงการ XT พญาไท ที่สุดของแนวคิด Universal Design ตอบโจทย์ทุกความปลอดภัย ในดีไซน์ที่ลงตัว,https://www.wazzadu.com/article/2728,"2,728",,,,,,,,,1,,,1,,,,,,,,,,,,,,,,,,,,,1,,,,,,,,,,,,,,,,,,,,,,,,,
ทริคเด็ดเคล็ดลับ จัดเตียงนอนอย่างไร ให้ห้องดูไม่รก,https://www.wazzadu.com/article/2729,"2,729",,,,,,,,,,,,,,,,,,,,,,,1,,,1,,,,,,,,,,,,1,,,,,,,,,,,,,,,,,,,,
เต็มตา..กับพื้นลามิเนตผิวสัมผัสแห่งธรรมชาติ  !,https://www.wazzadu.com/article/2732,"2,732",,,,1,,,,,1,,,,,,,,,,,,,,,,,,,,,,,,,,,1,,,,,,,,,,,,,,,1,,,,,,,
Wexford Apartments กับการตกแต่งด้วยกระจกพิมพ์ลายหลากสีภายนอกอาคารสำหรับเป็นพื้นที่แสดงงานศิลปะ,https://www.wazzadu.com/article/2998,"2,998",,,,,,,,,,,,,,,,,,,,1,,,,,,,,,,,,,,,,,,,,,,,,,,,,,,,,,,,,,,1
ตกแต่งผนังภายในให้ดูหรูหราดุจอัญมณีที่ล้ำค่าด้วยกระจก GEMS Glass,https://www.wazzadu.com/article/2999,"2,999",,1,,,,,,,,,,,,,,,,,,,,,1,,,1,,,,,,,,,,,,,,,,,,,,,,,,1,,,,,,,,
Lamiglas กระจกที่พร้อมเปลี่ยนโฉมอาคารเดิมให้สวยงามสะดุดตา ที่มาพร้อมคุณสมบัติแข็งแรงและทนทาน,https://www.wazzadu.com/article/3000,"3,000",,,,1,,,,,1,,,,,,,,,,,,,,,,,,,,,,,,,,,,,,,,,,,,,,,,,1,,,,,1,,,1
สวย หรู สะอาดตา เพิ่มมิติแห่งความโดดเด่นด้วยดีไซน์โค้งมนของหินสังเคราะห์ดัดโค้ง,https://www.wazzadu.com/article/3082,"3,082",,,,1,,,,,1,,,,,,,,,,,,,,,,,,,,,,,,,,,,,,,,,,,,,,,,,,,,,,,,,
สบายตาไปกับดีไซน์นุ่มนวล ด้วยท็อปเคาน์เตอร์หินสังเคราะห์ วัสดุดีๆ เพื่อองค์ประกอบที่ลงตัว,https://www.wazzadu.com/article/3083,"3,083",,,,1,,,,,1,,,,,,,,,,,,,,,,,,,,,,,,,,,,,,,,,,,,,,,,,,,,,,,,,
"วิธีการเลือกวัสดุประเภท คิ้ว"" สำหรับงานออกแบบ """,https://www.wazzadu.com/article/3084,"3,084",,,,1,,,,,1,,,,,,,,,,,,,,,,,1,,,,,,,,,,,,,,,,1,,,,,,,,1,,,,,,,,
"ป้องกันรอยขูดขีดได้อย่างมีประสิทธิภาพด้วย ผนังกั้นห้องน้ำไม้ปาร์ติเกิ้ล KOREX""""",https://www.wazzadu.com/article/3085,"3,085",,,,1,,,,,1,,,,,,,,,,,,,,,,,,,,,,,,,,,,,,1,,,,,,,,,,,1,,,,,1,,,
"สุดยอดแห่งความปลอดภัย ไม่ว่าโรงเรียนไหนก็ต้องมีกับ ผนังกั้นห้องน้ำ KOREX ชนิด Compact Laminate""""",https://www.wazzadu.com/article/3086,"3,086",,,,1,,,,,1,,,,,,,,,,,,,,,,,,,,,,,,,,,,,,1,,,,,,,,,,,1,,,,,1,,,
เจาะลึก ถึง Insight...ว่าทำไม หลัก ERGONOMIC ถึงสำคัญต่อการออกแบบ “เก้าอี้สำนักงาน” ? ,https://www.wazzadu.com/article/3121,"3,121",ประวัติมั้ย,1,,1,,,,,1,,,,,,,,,,,,,,,,,,,,,,,,,1,,,,,,,,,,,,1,,,,,,,,,,,,
ไม้สังเคราะห์ WPC รุ่น SKIN TIMBER เสี้ยนหด หมดปลวก,https://www.wazzadu.com/article/3125,"3,125",,,,1,,,,,1,,,,,,,,,,,,,,,,,,,,,,,,,,,,,,,,,,,,,,,,,,1,,,,,,,1
เลือกสุขภัณฑ์อย่างไรให้ตอบโจทย์ Lifestyle คนเมือง? Review ห้องน้ำสไตล์ Modern&Elegant โครงการ The Reserve Sukhumvit 61,https://www.wazzadu.com/article/3216,"3,216",,,,,1,,,,1,,,1,,,,,,,,,,,,,,,,,,,,,,,,,,,1,,,,,,,,,,,,,,,,,,,
Review ห้องน้ำสุดหรู ในโครงการ Langsuan Parkview คอนโดระดับ High end กับสุขภัณฑ์เกรดพรีเมียม จาก Villeroy & Boch,https://www.wazzadu.com/article/3217,"3,217",,,,1,,,,,1,,,1,,,,,,,,,,,,,,1,,,,,,,,,,,,,1,,,,,,,,,,,,,,,,,,,
"สวยสั่งได้ ดีไซน์ดั่งใจ ! จับคู่วัสดุแผ่น และรูปแบบหน้าบาน กับ บานเลื่อนกั้นห้อง"" OVERSEAS""",https://www.wazzadu.com/article/3218,"3,218",,,,1,,,,,1,,,,,,,,,,,,,,1,,,,,,,,,,,,,,,,,,1,,,,,1,1,,,,,,,,1,,,
รวม 9 ฉากกั้นอาบน้ำ สวย หรู ดูแลง่าย ใช้ได้แม้ในพื้นที่จำกัด จาก OVERSEAS,https://www.wazzadu.com/article/3219,"3,219",,,,1,,,,,1,,,,,,,,,,,,,1,1,,,,,,,,,,,,,,,,1,,,,,,,,,,,,,,,,1,,,
3 ไอเดียสร้างสรรค์ประตู UPVC ที่ใช้กับห้องนอนโดยเฉพาะ,https://www.wazzadu.com/article/3404,"3,404",,,,1,,,,,1,,,,,,,,,,,,,,1,,,,,,,,,,,,,1,,1,,,,,,,,,,,,,,,,,1,,,
ทุกดีไซน์เพื่อคุณ! ตามไปดู ‘UDoor’ ประตู UPVC ลามิเนต ที่มีดีมากกว่าความแข็งแกร่ง ณ Linux Garden Hotel,https://www.wazzadu.com/article/3405,"3,405",,,,1,,,,,1,,,,,,,1,,,,,,,,,,,,,,,,,,,,1,,,,,,,,,,,,,,,,,,,1,,,
"เรื่องส่วนตัวในที่สาธารณะ แผ่นกั้นโถปัสสาวะ"" ช่วยคุณได้ Cuboid by Siam Stylam""",https://www.wazzadu.com/article/3406,"3,406",,,,1,,,,,1,,,,,,,,,,,,,,,,,,,,,,,,1,,,1,,,1,,,,,,,,,,,,,,,,,,,
เนรมิตห้องในฝันได้ง่ายๆ ไปกับวอลเปเปอร์ Alpha…ให้ห้องสวย ด้วยผนังลวดลายเสมือนจริง!,https://www.wazzadu.com/article/3408,"3,408",,,,1,,,,,1,,,,,,,,,,,,,,,,,,,,,,,,1,,,,,,1,,1,,,,,,,,,1,,,,,,,,
เปลี่ยนมุมกลับ ปรับมุมมอง ให้ผนังห้องเท่ห์ ด้วยวอลเปเปอร์ลวดลายกระเบื้องโมเสค,https://www.wazzadu.com/article/3409,"3,409",,,,1,,,,,1,,,,,,,,,,,,,,,,,,,,,,,,,,,,,,,,,,,,,,,,,1,,,,,,,,
ชมเบื้องหลังความสำเร็จในการก่อสร้างจาก “เหล็กปลอกสำเร็จรูป”,https://www.wazzadu.com/article/3456,"3,456",,,,1,,,,,1,,,,,,,,,,,,,,,,,,,,,,,,,,,,,,,,,,,,,,,1,1,,,,,,,,1,
แข็งแกร่งด้วยมาตรฐานเหนือใคร ต้องเหล็กจากเตา EF!,https://www.wazzadu.com/article/3457,"3,457",,,,1,,,,,1,,,,,,,,,,,,,,,,,,,,,,,,,,,1,,,,,,,,,,,,,,,,,,,,,1,
"เข็มเหล็ก"" ระบบฐานรากที่สามารถต่อเติมขึ้นโครงสร้างได้ทุกรูปแบบ ไม่ว่าจะเป็นเหล็ก ไม้ หรือ ปูน""",https://www.wazzadu.com/article/3458,"3,458",,1,,1,,,,,,,,,,,,,,,,,,,,,,,,,,,,,1,,,,,,,,,,,,,,,,,,,,,,,1,,
เหนือชั้นล้ำสมัย กับวัสดุปิดผิวเฟอร์นิเจอร์ที่แคร์ผู้ใช้งานได้ทุกการออกแบบ,https://www.wazzadu.com/article/3459,"3,459",,,,1,,,,,1,,,,,,,,,,,,,,,,,,,,,,,,,1,1,1,,,,,1,,,,,,,,,,,,,,,,,
“เหล็กลวด” ชิ้นส่วนเล็กๆ แต่สำคัญมากในชีวิตประจำวัน,https://www.wazzadu.com/article/3608,"3,608",,1,,1,,,,,1,,,,,,,,,,,,,,,,,,,,,,,,,,,,,,,,,,,,,,,,,,,,,,,,,
พบเรื่องน่ารู้ก่อนใช้เหล็ก ให้ทุกการใช้งานได้ประสิทธิภาพสูงสุด!,https://www.wazzadu.com/article/3609,"3,609",,1,,1,,,,,,1,,,,,,,,,,,,,,,,,,,,,,,,,,1,,,,,,,,,,,,,,,,,,,,,,
เปิดทุกคุณสมบัติของครีบและบั้ง ในเหล็กข้ออ้อย...ส่วนสำคัญในการติดตั้ง ที่คุณไม่ควรมองข้าม!,https://www.wazzadu.com/article/3610,"3,610",,1,,1,,,,,1,1,,,,,,,,,,,,,,,,,,,,,,,,,,1,,,,,,,,,,,,,,,,,,,,,,
ฟิล์มอาคารที่ได้รับการรับรองประหยัดพลังงานเบอร์ 5 ดีกว่าฟิล์มทั่วไปยังไงบ้าง?,https://www.wazzadu.com/article/3822,"3,822",,1,,1,,,,,1,,,,,,,,,,,,,,,,,,,,,,,,,,,1,,,,,,,,,,,,,,,,,,,1,,,
เลือกฟิล์มติดคอนโดแบบไหน? ที่ลดความร้อนได้ดี โดยไม่สะท้อนแสงรบกวนสายตาคนนอกอาคาร,https://www.wazzadu.com/article/3823,"3,823",,1,,1,,,,,1,,,,,,,,,,,,,,,,,,,,,,,,,,,,,,,,,,,,,,,,,,,,,,1,,,
Drago Mobile Application  มาพร้อมระบบแจ้งเตือนและสั่งปิดน้ำได้ทันที  เมื่อมีความผิดปกติจากการใช้น้ำ,https://www.wazzadu.com/article/3824,"3,824",,,,1,,,,,1,,,,,,,,,,,,,,,,,,,,,,,,,,1,,,,,,,,,,,,,,,,,,,,,1,,
เพิ่มมิติการเล่นแสงบริเวณบันไดวน ผ่าน “หินสังเคราะห์โปร่งแสง” ช่วยให้งานตกแต่งมีดีไซน์เป็นเอกลักษณ์ สำหรับนักออกแบบและเจ้าของโครงการ,https://www.wazzadu.com/article/3891,"3,891",,,,1,,,,,1,,,,,,,,,,,,,,,,,,,,,,,,,,,,,,,,,,,,,,,,,,,,,,,,,
หินสังเคราะห์ Solid Surface ดัดโค้งได้ในรัศมีมากที่สุด 150-1000 มิลลิเมตร เติมเต็มความพิเศษให้กับการดีไซน์โต๊ะประชุม,https://www.wazzadu.com/article/3892,"3,892",,,,1,,,,,1,,,,,,,,,,,,,,,,,,,,,,,,,,,,,,,,,,,,,,,,,,,,,,,,,
การบริการ รับประกัน และจัดส่งที่มั่นใจได้ของสินค้าตระกูล “บล็อก” ที่มี Stock สินค้าไม่ขาด และหาซื้อได้ง่ายตามร้าน Modern Trade | Smartblock,https://www.wazzadu.com/article/3893,"3,893",,,,1,,,,,,1,,,,,,,,,,,,,,,,,,,,,,,,,,1,,,,,,,,,,,,,,1,,,,,,,1,
เหล็กดัดอิตาลี ดีไซน์หรูแต่เรียบง่าย ในราคาที่คุณ…จับต้องได้!!!,https://www.wazzadu.com/article/3895,"3,895",,,,1,,,,,,,,,,,,,,,,,,,1,,,,,,,,,,,,,,,,,,,,,,,,,,,,,,,,,,,
"PANTONE 2020"" เทรนด์สีมาแรงแห่งปี กับกระเบื้องโทนสีธรรมชาติ""",https://www.wazzadu.com/article/4077,"4,077",,,,1,,,,,1,,,,,,,,,,,,,,,,,,,,,,,,,,,,,,,,,,,,,,,,,,1,,,,,,,
“MINI or MAXI” จับตาเทรนด์ออกแบบตกแต่งภายใน ปี 2020 จาก Milan Design Week 2019,https://www.wazzadu.com/article/4078,"4,078",,,,1,,,,,1,,,,,,,,,,,,,,,,,,,,,,,,,,,,1,,,,,,,,,,,,,1,1,,,,,,,
ทนทุกสภาพอากาศ ทนทุกการกระแทก แข็งแรงชัวร์ ถ้าเป็นไม้รั้ว ชาเล่ต์,https://www.wazzadu.com/article/4079,"4,079",รั้วเป็นเปลือกอาคารมั้ย,,,1,,,,,1,,,,,,,,,,,,,,,,,,,,,,,,,,,1,,,,,,,,,,,,,,,,,,,,,,1
สร้างผนัง 3 มิติ (3D Wall) ด้วยแผ่นพลาสวู้ด เพิ่มเสน่ห์บนผนังห้องให้สวยงามกว่าเดิม,https://www.wazzadu.com/article/4123,"4,123",,1,,1,,,,,1,,,,,,,,,,,,,,,,,,,,,,,,,,,1,,,,,,,,,,,,,,1,,,,,,,,
ต้องการระแนงที่ดัดโค้ง เข้ามุม ใช้ตกแต่งงานภายใน วัสดุพลาสวู้ดอาจเป็นคำตอบของคุณ,https://www.wazzadu.com/article/4124,"4,124",,,,1,,,,,1,,,,,,,,,,,,,,,,,,,,,,,,,,,1,,,,,,,,,,,,,,,,,,,,,,1
เป็นมากกว่า Partition ที่แบ่งสเปซ คือฉากกั้นที่เล่าเรื่องราวของสถานที่ผ่านลวดลาย,https://www.wazzadu.com/article/4125,"4,125",,,,1,,,,,1,,,,,,,,,,,,,,,,,,,,,,,,,,,,,,,,,,,,,,,,,,,,,,,,,
ทำไมเรายังวัดเจอค่าฟอร์มัลดีไฮด์? ทั้งที่สเปควัสดุแบบ E0,https://www.wazzadu.com/article/4128,"4,128",,,,1,,,,,1,1,,,,,,,,,,,,,,,,,,,,,,,,1,,1,,,,,,,,,,,,,,,,,,,,,,
ปลอดฝุ่น ไร้กังวล เพราะ ‘ผ้าม่าน’ ดูแลรักษาง่ายกว่าที่คิด!!,https://www.wazzadu.com/article/4085,"4,085",ผ้าม่าน-ประตู,1,,1,1,,,,,,,,,,,,,,,,,,,,,,,,,,,,,1,,,,,,,,,,,,,,,,,,,,,1,,,
ม่านล้ำสมัย ใครว่าใช้ยาก...มารู้จัก ‘ผ้าม่านระบบมอเตอร์’ ก่อนเลือกใช้งานให้เหมาะสม,https://www.wazzadu.com/article/4086,"4,086",ผ้าม่าน-ประตู,1,,1,1,,,,,,,,,,,,,,,,,,,,,,,,,,,,,,1,,,,,,,,,,,,,,,,,,,,1,1,,
ส่งท้ายปีเก่า ต้อนรับสวนใหม่ แจกไอเดียตกแต่งสวน 15 แบบสุดคูล จากแบรนด์ RCM 88,https://www.wazzadu.com/article/4088,"4,088",,,,,1,,,,,,,,,,,,,,,,,,1,,,,,,,,,,,,,,,,,,,,,1,,,,,,,1,,,,,,,
THAISUN ไม้เทียมที่โครงการชั้นนำเลือกใช้ (Shizen พัฒนาการ32),https://www.wazzadu.com/article/4089,"4,089",,,,1,,,,,1,1,1,,,,,,,,,,,,,,,1,1,,,,,,,,,,,,,,,,,,,,,,,1,1,,,,,,,1
“ฝ้าเพดาน รุ่น PlastCeil” ที่เป็นมิตรกับสิ่งแวดล้อม พร้อมคุณสมบัติที่ใครหลายคนไม่เคยรู้มาก่อน,https://www.wazzadu.com/article/4065,"4,065",,,,1,,,,,1,,,,,,,,,,,,,,,,,,,,,,,,1,,,,,,,,,,,,,,,,,,,,1,,,,,
ตวษ,https://www.wazzadu.com/article/4066,"4,066",,,,1,,,,,1,,,,,,,,,,,,,,,,,,,,,,,,,,,,,,,,,,,,,,,,,,1,,,,,,,
สร้างรายได้ สร้างความยั่งยืน ด้วยสถาปัตยกรรมไม้ไผ่ ผลผลิตจากไม้ป่าปลูก ที่คนรักษ์ไม้ต้องภูมิใจ,https://www.wazzadu.com/article/4067,"4,067",,,,1,,,,,1,,,,,,,,,,,,,,,,,,,,,,,,,,,1,,,,,,,,,,,,,,,,1,,,,,,1
Fast and Get ตอน ตอน นวัตกรรมระบบมู่ลี่ในกระจก by DES โดย SCT INNOVATION,https://www.wazzadu.com/article/4030,"4,030",,,,,1,,,,1,,,,,,,,,,,,,,,,,,,,,,,,,,1,,,,,,,,,,,,,,,,,,,,1,,,
ACE Series Zona ชุดประตูห้องน้ำสำเร็จรูป ตอบโจทย์ทุกงานดีไซน์,https://www.wazzadu.com/article/4032,"4,032",,1,,1,,,,,1,,,,,,,,,,,,,,,,,,,,,,,,,,,1,,,1,,,,,,,,,,,,,,,,1,,,
"Workplace in Architecture"" การทำงานยุคปัจจุบันนั้น สถานที่ทำงานส่งผลกระทบต่อวิถีชีวิต และวัฒนธรรมขององค์กรอย่างไร ?""",https://www.wazzadu.com/article/4033,"4,033",,1,,1,,,,,,,,,,,,,,,,,,,,,,,,,,,,,,,,,,,,,,,,,,1,,,,,,,,,,,,1
ฐานรากเข็มเหล็กรองรับเทอเรสพื้นไม้ ตอบโจทย์สำหรับงานพื้นภายนอกอาคาร,https://www.wazzadu.com/article/3985,"3,985",,,,,,,,,,,,,,,,,,,,,,,,,,,,,,,,,,,,,,,,,,,1,,,,,,,,1,,,,,1,,
"งานติดตั้งฐานราก เข็มเหล็ก"" รองรับอาคารร้านอาหารบ้านดงวิวดอย จ.เชียงใหม่""",https://www.wazzadu.com/article/3987,"3,987",,,,1,,,,,1,,1,,,,,,,,,,,,,,,,,,,,,,1,,,,,,,,,,,,,,,,,,,,,,,1,,
บริษัท ลิกมันไลท์ติ้ง จำกัด,https://www.wazzadu.com/article/3988,"3,988",,,,1,,,,,,1,,,,,,,,,,,,,,,,,,,,,,,,,,,,,,,,,,,,,,,,,,,,,,1,,
ส่งต่อบรรยากาศสไตล์ Loft กับวัสดุทดแทนไม้ “ไม้พื้นเซาะร่องสไมล์บอร์ด” ออกแบบงานภายในให้ดูเท่และฉีกแนว,https://www.wazzadu.com/article/3973,"3,973",,,,1,,,,,1,,,,,,,,,,,,,,,,,,1,,,,,,,,,1,,,,,,,,,,,,,,,1,,,,,,,
Mirror Series วัสดุปิดผิวลามิเนตกระจก ทรงคุณค่าหรูหราดีกว่ากระจกทั่วไป,https://www.wazzadu.com/article/3974,"3,974",,,,1,,,,,1,,,,,,,,,,,,,,,,,,,,,,,,,,,,,,,,,,,,,,,,,,,,,,,,,
“ฝ้าเพดาน รุ่น PlastCeil และ PlastRoof” กันร้อน-กันเสียง ! สวยครบจบในตัว ด้วยคุณภาพเกรดพรีเมียม,https://www.wazzadu.com/article/3943,"3,943",,,,1,,,,,1,,,,,,,,,,,,,,,,,,,,,,,,,,,,,1,,1,1,,,,,,,,,,,,1,,,,,
เมื่อลามิเนตจาก Greenlam มาบรรจบกับ Crystal Board เพื่อสร้างสรรค์งานผนังให้หรูหรากว่าเดิม,https://www.wazzadu.com/article/3932,"3,932",,1,,1,,,,,1,,,,,,,,,,,,,,,,,,,,,,,,,,,,,,,,,,,,,,,,,,,,,,,,,
มาตรฐานที่ต้องรู้ในการเลือกใช้ไม้เทียม 1,https://www.wazzadu.com/article/3933,"3,933",ข้อดีข้อเสีย,1,,1,,,,,1,1,,,,,,,,,,,,,,,,,,,,,,,,,,1,,,,,,,,,,,,,,,,,,,,,,
ไม้เทียม ไม้พื้น THAISUN ติดตั้งทนทานแม้ในพื้นที่ริมทะเล,https://www.wazzadu.com/article/3934,"3,934",,1,,1,,,,,1,,,,,,,,,,,,,,,,,,,,,,,,1,,,,,,,,,,1,,,,,,,,1,,,,,,,
เข็มเหล็ก รุ่น N เสาเข็มที่เหมาะกับงานฐานรากระแนงบังสายตา,https://www.wazzadu.com/article/3901,"3,901",,,,1,,,,,1,,,,,,,,,,,,,,,,,,,,,,,,,,,,,,,,,,,,,,,,,,,,,,,1,,
เติมกลิ่นอายสไตล์บาหลีด้วยวัสดุตกแต่งหลังคาใบจากเทียม Maxis wood,https://www.wazzadu.com/article/3903,"3,903",,1,,1,,,,,,,,,,,,,,,,,,,1,,,,,,,,,,1,,,,,,,,,,,,,,,,,,,1,,,,,,
ออกแบบดาดฟ้าให้เชื่อมต่อกับธรรมชาติด้วย “ระเบียงไม้สังเคราะห์ WPC”,https://www.wazzadu.com/article/3904,"3,904",,,,1,,,,,1,,,,,,,,,,,,,,,,,,,,,,,,,,,1,,,,,,,1,,,,,,,,1,,,,,,,
แต่งหน้าทาปากหน้าบ้านด้วย “รั้วไม้สังเคราะห์ WPC”,https://www.wazzadu.com/article/3905,"3,905",,,,1,,,,,1,,,,,,,,,,,,,,,,,,,,,,,,,,,1,,,,,,,,,,,,,,,,,,,,,,1
“Lite decking” พื้นไม้ระเบียงน้ำหนักเบา แต่แข็งแกร่งทนทานไม่แพ้ใคร!,https://www.wazzadu.com/article/3906,"3,906",,,,1,,,,,1,,,,,,,,,,,,,,,,,,,,,,,,,,,1,,,,,,,1,,,,,,,,1,,,,,,,
"แผ่นฝ้าแบรนด์ Aline” ช่วยตอบโจทย์เทรนด์การตกแต่ง Hostel Design ด้วยรูปแบบที่มีให้เลือกหลากหลายตามความต้องการ""",https://www.wazzadu.com/article/3861,"3,861",,,,1,,,,,1,,,,,,,1,,,,,,,1,,,1,,,1,,1,,,,,,1,,,,,,,,,,,,,1,,,1,,,,,
Mix&Match การตกแต่ง Café หลากหลายสไตล์ ด้วย “ฝ้าจาก ALINE” ที่ตอบโจทย์ทุกดีไซน์ของนักออกแบบ,https://www.wazzadu.com/article/3862,"3,862",,,,1,,,,,1,,,,,,1,,,,,,,,,,,1,1,,1,,,,,,,,,,,,,,,,,,,,,1,,,1,,,,,
ผ้าใบกรองแดดสำเร็จรูป “Coolaroo” ดีไซน์กับทุกพื้นที่ได้อย่างลงตัว สร้างสรรค์ร่มเงาได้ตามต้องการ,https://www.wazzadu.com/article/3863,"3,863",,,,1,,,,,,,,,,,,,,,,,,,,,,,,,,,,,1,,,,,,,,,,,,,,,,,,,,,,,,,
"เติมเต็มความสุขเหนือระดับ กับความสง่างามในแบบธรรมชาติ ด้วย พื้นไม้จริงชาเล่ต์"" ในโครงการบ้านเดี่ยวสไตล์ลักชัวรี่ """,https://www.wazzadu.com/article/3864,"3,864",,,,1,,,,,1,,1,,,,,,,,,,,,,,,,,,,,,,,,,1,,1,,,,1,,,,,1,,,,1,,,,,,,
DATA การใช้น้ำ จาก มาตรวัดน้ำอัตโนมัติ Drago Smart Software ช่วยต่อยอดไอเดียการสร้างประสบการณ์ใหม่ๆ และบริการที่น่าประทับใจให้กับลูกบ้าน,https://www.wazzadu.com/article/3842,"3,842",,,,1,,,,,1,,,,,,,,,,,,,,,,,,,,,,,,,,1,,,,,,,,,,,,,,,,,,,,,1,,
มาตรวัดน้ำอัตโนมัติ Drago ช่วยยกระดับปรับการ Service หอพัก/อพาร์ทเม้นต์รูปแบบเดิม ๆ ให้เหมือน Service แบบโรงแรม High-End,https://www.wazzadu.com/article/3844,"3,844",,,,1,,,,,1,,,,,,,,,,,,,,,,,,,,,,,,,,1,,,,,,,,,,,,,,,,,,,,,1,,
รวม 5 ปัญหายอดฮิต และวิธีการแก้ไขเบื้องต้น  เกี่ยวกับ “ก๊อกน้ำและวาล์วน้ำ”,https://www.wazzadu.com/article/3845,"3,845",,1,,,,,,,,,,,,,,,,,,,,,,,,,,,,,,,,,,,,,,,,,,,,,,,,,,,,,,,,
ประวัติ และความเป็นมาของ Swarovski,https://www.wazzadu.com/article/3806,"3,806",,,1,,,,,,,,,,,,,,,,,,,,,,,,,,,,,,,,,,,,,,,,,,,,,,,,,,,,,,,
ฝ้าเพดานมีกี่ประเภท และทำมาจากวัสดุอะไรบ้าง,https://www.wazzadu.com/article/3733,"3,733",,1,1,,,,,,,,,,,,,,,,,,,,,,,,,,,,,,,,,,,,,,,,,,,,,,,,,,1,,,,,1
" Jewish Museum Berlin "" การแปลประสบการณ์จากประวัติศาสตร์ของชาวยิว ให้กลายเป็นองค์ประกอบทางสถาปัตยกรรมอย่างแยบยล""",https://www.wazzadu.com/article/2142,"2,142",,,,,,,,,,,,,,,,,,,,1,,,,,,,,,,,,,,,,,,,,,,,,,,,,,,1,,,,,,,,1
สต็อกไม่อั้น โปรดักหลากหลาย เลือกวัสดุตกแต่งสวนและ Landscape กับแบรนด์ RCM 88,https://www.wazzadu.com/article/3783,"3,783",,,,1,,,,,1,,,,,,,,,,,,,,,,,,,,,,,,,,,,,,,,,,,1,,,,,,,1,,,,,,,
หลักการและเทรนด์การออกแแบบออฟฟิศ ภายใต้แนวคิด WORK-LIFE BALANCE,https://www.wazzadu.com/article/3749,"3,749",,,,,,,,,,,,,,1,,,,,,,,,1,,,,,,,,,,,1,,,1,,,,,,,,,1,,,,,,,,,,,,
“ไม้อัด” จากความเชี่ยวชาญกว่า 30 ปีของไม้อัดลานนา ที่มีมากกว่าคำว่าคุณภาพ,https://www.wazzadu.com/article/3560,"3,560",,,,1,,,,,,1,,,,,,,,,,,,,,,,,,,,,,,,,,,,,,,,,,,,,,,,,,,,,,,,
เหล็กเดือยคืออะไร ไขข้อสงสัยกัน,https://www.wazzadu.com/article/3251,"3,251",,1,,1,,,,,,,,,,,,,,,,,,,,,,,,,,,,,,,,1,,,,,,,,,,,,,,,,,,,,,1,
ทำไมต้อง Solignum Soliguard? พบ 4 เหตุผลที่เมื่อนึกถึงน้ำยากำจัดปลวก ต้อง Solignum Soilguard เท่านั้น!,https://www.wazzadu.com/article/3195,"3,195",,,,1,,,,,1,,,,,,,,,,,,,,,,,,,,,,,,,,,,,,,,,,,,,,,,,,,,,,,,,
"Rockheim Museum"" พิพิธภัณฑ์ดนตรีที่นำภาพ Photo Realistic ปกอัลบั้มเพลง มาพิมพ์ลงบนกล่องกระจกขนาดใหญ่""",https://www.wazzadu.com/article/1273,"1,273",,,,,,,,,,,,,,,,,,,,1,,,,,,,,,,,,,,,,,,,,,,,,,,,,,,1,,,,,,,1,1
ทฤษฎีการออกแบบทางสถาปัตยกรรม และวัสดุศาสตร์ ประจำปี 2561 : The Best of 20 Material & Architectural Theory 2018,https://www.wazzadu.com/article/3046,"3,046",,,,,,,,,,,,,,,,,,,,,,1,,,,,,,,,,,,,,,,1,,,,,,,,,,1,1,1,,1,,,1,1,,
เรื่องราวและเสน่ห์ความดั้งเดิมของบ้านสไตล์ญี่ปุ่น ที่ถูกนำมาประยุกต์ให้สวยงามแบบร่วมสมัย !,https://www.wazzadu.com/article/693,693,,,,,,,,,,,1,,,,,,,,,,,,1,,,,,,,,,,,,,,,,,,,,,,,,,,,,,,,,,,,
7 ขึ้นตอนง่ายๆ สำหรับการติดตั้งไม้พื้น Lite Decking รูปแบบ M Shape พร้อมทริคไอเดียการปูพื้นเล่นดีไซน์,https://www.wazzadu.com/article/2972,"2,972",,,,1,,,,,,,,,,,,,,,,,,,1,,,,,,,,,,1,,,1,,,,,,,1,,,,,,,,1,,,,,,,
Lamiglas กระจกที่พร้อมเปลี่ยนโฉมอาคารเดิมให้สวยงามสะดุดตา ที่มาพร้อมคุณสมบัติแข็งแรงและทนทาน,https://www.wazzadu.com/article/3000,"3,000",,,,1,,,,,1,,,,,,,,,,,,,,1,,,,,,,,,,,,,,,,,,,,,,,,,,,1,,,,,1,,,1
“The Senses of Living” เติมเต็มความหมายของการใช้ชีวิต ด้วยไม้ระแนง Chale't ไม้จริงที่ดูดซับคาร์บอนได้ดีเยี่ยม,https://www.wazzadu.com/article/3039,3039,,,,1,,,,,1,,,,,,,,,,,,,,1,,,,,,,,,,,,,,,,,,,,1,1,,,,,,,1,1,,,,,,1
รวมภาพไอเดีย!!! การทำ Model Section สำหรับ Present ผลงานสถาปัตยกรรมแบบเจ๋งๆ,https://www.wazzadu.com/article/1043,"1,043",,,,,,,,,,,,,,,,,,,,,,1,1,,,,,,,,,,,,,,,,,,,,,,,,,,,,,,,,,,,
"คุณสมบัติที่ควรรู้“ ถ้าหากจะนำกระเบื้องลายไม้ ” (WOODEN FLOOR TILES) ไปใช้ในการตกแต่งอาคาร""",https://www.wazzadu.com/article/1071,"1,071",,1,,,1,,,,,,,,,,,,,,,,,,,,,,,,,,,,1,,,,,,,,,,,,,,,,,,1,,,,,,,
ไอเดียง่ายๆ ในการแต่งบ้านสไตล์ MUJI ด้วยเฟอร์นิเจอร์ไม้ดีไซน์น่ารัก เพิ่มความอบอุ่นให้กับห้อง !,https://www.wazzadu.com/article/1097,"1,097",,,,1,,1,,,,,,,,,,,,,,,,,1,,,,,,,,,,,,,,,,,,,,,,,,,,,,,,,,,,,
รีเทลวัสดุตกแต่งแนวไลฟไตล์แห่งแรกในเอเชีย  (DESIGN INSTALLATION CONCEPT STORE),https://www.wazzadu.com/article/1101,"1,101",,,,,,,,,,1,,,,,,,,,,,,,,,,,,,,,,,,,,,,,,,,,,,,,,,,,,,,,,,,
"ไอเดียการสเปควัสดุจากภาพ 3D Perspective"" ด้วยวัสดุปิดผิวจาก SW Wood Veneer!!""",https://www.wazzadu.com/article/1118,"1,118",,,,1,,,,,1,,,,,,,,,,,,,,,,,,,,,,,,,,,,,1,,,,,,,,1,,,,,,,,,,,,
ไอเดียบ้านไม้ขนาดเล็ก สไตล์เรียบง่ายกะทัดรัด ราคาไม่แพง (Chalet),https://www.wazzadu.com/article/1119,"1,119",,,,1,,,,,1,,,,,,,,,,,,,,1,,,1,1,,,,,,,,,,,,,,,,,,,,,,,1,,,,,,,1,1
รวมแบบ 10 แบบฉากกั้นอาบน้ำ สวยแบบเรียบง่าย ใช้งานได้หลากหลาย(Overseas),https://www.wazzadu.com/article/1128,"1,128",,,,1,,,,,,,,,,,,,,,,,,1,1,,,,,,,1,,,,,,,,,1,,,,,,,,,,,,,,,,1,,,
"ไอเดียการสเปควัสดุจาก 3D Perspective""  ด้วยวัสดุ Picxelglas กระจกพิมพ์ระบบดิจิตอล """,https://www.wazzadu.com/article/1137,"1,137",,,,1,,,,,1,,,,,,,,,,,,,,1,,,,,,,,,,,,,,,1,,,,,,,,1,,,,,,,,,,,,
กระจกมู่ลี่ DES ผลิตอย่างไร ผลิตที่ไหน,https://www.wazzadu.com/article/1177,"1,177",,,,,,,,,,1,,,,,,,,,,,,,,,,,,,,,,,,,1,,,,,,,,,,,,,,,,,,,,1,,,
ไอเดียการใช้กระจกสี และกระจกพิมพ์ลายในงานสถาปัตยกรรม เพิ่มดีไซน์สุดเท่ให้กับออฟฟิศ (Glassform),https://www.wazzadu.com/article/1183,"1,183",,,,1,,,,,1,,,,,1,,,,,,,,,1,,,,,,,,,,,,,,,,,,,,,,,1,,,,,,,,,,,,
รวม 10 ภาพไอเดีย บันไดบ้านสุดเท่สไตล์ลอฟท์ทำจากไม้จริง เพิ่มดีไซน์ให้บ้านโดดเด่นไม่เหมือนใคร !,https://www.wazzadu.com/article/1198,"1,198",,,,1,,,,,1,,,,,,,,,,,,,1,1,,,,1,,,,,,1,,,,,,,,,,,,,,,,,,,,,,,,,
"10 ภาพไอเดีย กั้นห้องเก็บของใช้ส่วนตัว"" ด้วยประตูบานเลื่อนกั้นห้อง แบ่งพื้นที่ให้เป็นสัดส่วนและมีระเบียบมากขึ้น !""",https://www.wazzadu.com/article/1221,"1,221",,,,1,,,,,,,,,,,,,,,,,,,1,,,,,,,,,,,,,,,,,,1,,,,,,1,,,,,,,,1,,,
แชร์เก็บไว้ดู!!! รวม 20 ไอเดีย การทำโมเดลสไตล์ Japanese,https://www.wazzadu.com/article/1230,"1,230",,,,,,,,,,,,,,,,,,,,,,1,1,,,,,,,,,,,,,,,,,,,,,,,,,,,,,,,,,,,
10 ไอเดียกับวัสดุยอดฮิต ไม้อัด OSB  ตกแต่งร้าน CAFÉ  แบบ LOFT STYLE,https://www.wazzadu.com/article/1264,"1,264",,,,1,,,,,,,,,,,,,,,,,,1,1,,,,1,,,,,,,,,,,,,,,,,,,,,,,1,,,,,,,,
ไอเดียการใช้งาน เฟอร์นิเจอร์ ในสำนักงาน (Office furniture) กับคุณสมบัติที่น่ารู้ก่อนจะนำเอาไปใช้งาน,https://www.wazzadu.com/article/1472,"1,472",,1,,,,,,,,,,,,,,,,,,,,,1,,,,,,,,,,,,,,,,,,,,,,,1,,,,,,,,,,,,
“บานเลื่อนกั้นห้อง” เทคนิคง่ายๆ ในการกั้นห้องให้เป็นสัดส่วน ดูทันสมัยในสไตล์ Modern !,https://www.wazzadu.com/article/1473,"1,473",,,,1,,,,,,,,,,,,,,,,,,,1,,,1,,,,,,,,,,,,,,,,,,,,,,,,,,,,,1,,,
สะดวก ปลอดภัย อยู่ที่ไหนก็สบายใจ “ระบบมาตรวัดน้ำอัตโนมัติ” ติดตามค่าน้ำได้ทุกที่ผ่านมือถือ,https://www.wazzadu.com/article/2768,"2,768",,,,,,,,,1,,,,,,,,,,,,,,,,,,,,,,,,,,,,,,,,,,,,,,,,,,,,,,,1,,
สร้างมิติชวนหลงใหลด้วยคุณสมบัติของกระจก One Way Mirror,https://www.wazzadu.com/article/3557,"3,557",,,,1,,,,,,,,,,,,,,,,,,,1,,,,,,,,,,,,,,,,1,,,,,,,,,,,,,,,,,,,1
ลามิเนตลายหินกับ 3 เทรนด์ยอดนิยมตลอดกาล โมเดิร์น คลาสสิค และลอฟท์,https://www.wazzadu.com/article/3558,"3,558",,,,1,,,,,1,,,,,,,,,,,,,,,,,1,1,,,1,,,,,,,1,,,,,,,,,,,,,1,,,,,,,,
เปลี่ยนออฟฟิศแสนอึดอัด ให้กลายเป็น Co-Working สบายๆ ด้วยบานกั้นห้องจาก Overseas,https://www.wazzadu.com/article/3563,"3,563",,,,1,,,,,,,,,,1,,,,,,,,,,,,,,,,,,,,1,,,,,,,,,,,,1,,,,,,,,,1,1,,
ไอเดียออกแบบห้องน้ำสาธารณะมินิมอลง่ายๆ ด้วยบานประตู Laminated Foam Board,https://www.wazzadu.com/article/3840,"3,840",,,,1,,,,,1,,,,,,,,,,,,,,1,,,,,,,,1,,,,,,,,1,,,,,,,,,,,,,,,,1,,,
เหล็กเส้น...เล่นลาย,https://www.wazzadu.com/article/3955,"3,955",,,,,,,,,,1,,,,,,,,,,,,,,,,,,,,,,,,,,1,,,,,,,1,,,,,,,,,,,,1,,,
บ้านไม้อยู่แล้วดีอย่างไร? รวม 10 ข้อดีของการอยู่อาศัยในบ้านไม้,https://www.wazzadu.com/article/4117,"4,117",,1,,1,,,,,,,,,,,,,,,,,,,,,,,,,,1,,,,,,,,,,,,,,,,,,,,1,1,,,,,,1,
แชร์ไอเดียการตกแต่งหลังคา 5 แบบ 5 pattern เรียบและเนี๊ยบ ปิดงานจบในตัวเดียว,https://www.wazzadu.com/article/3394,"3,394",,,,1,,,,,1,,,,,,,,,,,,,,1,,,,,,,,,,1,,,,,,,,,,,,,,,,,,,1,,,,,,
" กระจกเงาสี Tinted Mirror"" วัสดุที่ตอบโจทย์การตกแต่งห้อง ให้มีมิติการสะท้อนที่สวยงาม""",https://www.wazzadu.com/article/1232,"1,232",,,,1,,,,,1,,,,,,,,,,,,,,,,,,,,,,,,,,,,,,,,,,,,,,,,,,,,,,,,,
Wazzadu Academy :: คอนกรีตแสตมป์ (Stamped Concrete) กับคุณสมบัติที่น่ารู้ก่อนจะนำเอาไปใช้งาน,https://www.wazzadu.com/article/1352,"1,352",,1,1,,,,,,,,,,,,,,,,,,,,,,,,,,,,,,,,,,,,,,,,,,,,,,,,1,,,,,,,
เพิ่มความโดดเด่นให้กับห้องน้ำสาธารณะ ด้วย “ผนังห้องน้ำสำเร็จรูป” ที่สามารถสั่งทำลายกราฟฟิกได้,https://www.wazzadu.com/article/2388,"2,388",,,,1,,,,,1,,,,,,,,,,,,,,,,,,,,,,,,,,,,,,1,,,,,,,,,,,1,,,,,1,,,
“ผนังห้องน้ำสำเร็จรูป” แข็งแรงทนทานมากกว่า ด้วยขาตั้งอลูมิเนียมแบบกล่อง,https://www.wazzadu.com/article/2389,"2,389",,,,1,,,,,1,,,,,,,,,,,,,,,,,,,,,,,,,,,,,,1,,,,,,,,,,,1,,,,,1,,,
"ผนังห้องน้ำสำเร็จรูป"" การันตีการใช้งานนานถึง 15 ปี ! มาพร้อมกับ อุปกรณ์สเตนเลส""",https://www.wazzadu.com/article/2390,"2,390",,,,1,,,,,1,,,,,,,,,,,,,,,,,,,,,,,,,,,,,,1,,,,,,,,,,,1,,,,,1,,,
"พื้นบ้านสวยสไตล์ Modern Classic กับไม้คอร์กลาย Prime Oak"" ด้วยลายเส้นของเปลือกไม้ที่เรียบง่ายและโทนสีน้ำตาลแบบคลาสสิก""",https://www.wazzadu.com/article/2453,"2,453",,,,1,,,,,1,,1,,,,,,,,,,,,,,,1,,,,1,,,,,,,,,,,,,,,,,,,,,1,,,,,,,
ตอบโจทย์ได้ตรงใจ! กับตู้ไปรษณีย์ Dema 2 ดีไซน์ล้ำสมัยสไตล์ Modern Loft,https://www.wazzadu.com/article/2660,"2,660",,,,1,,,,,1,,,,,,,,,,,,,,,,,1,1,,,,,,,,,,,,,,,,,,,,,,,,,,,,,,,
ตกแต่งบ้านเดี่ยวอยู่สบายสไตล์ Modern Tropical ให้สวยแบบมีระดับ ด้วยตู้ไปรษณีย์คุณภาพเยี่ยมจาก Demateco,https://www.wazzadu.com/article/2663,"2,663",,,,1,,,,,1,,1,,,,,,,,,,,,,,,1,,,1,,,,,,,,,,,,,,,,,,,,,,,,,,,,,
โครงการ ARI พระราม 5 กับงานออกแบบช่องเปิดแบบ Japan Modern Style ที่ให้ความรู้สึกถึงความอบอุ่นแบบบ้านญี่ปุ่น,https://www.wazzadu.com/article/2722,"2,722",,,,,1,,,,1,,1,,,,,,,,,,,,,,,1,,,,,,,,,,,,,,,,,,,,,,,,,,,,,1,1,,
Altitude Mastery กับการเลือกใช้วัสดุสำหรับงานประตูและหน้าต่างที่มากกว่าความหรูหราเพียงตาเห็น,https://www.wazzadu.com/article/2723,"2,723",,,,,1,,,,1,,1,,,,,,,,,,,,,,,,,,,,,,,,,,,,,,,,,,,,,,,,,,,,1,1,,
แต่งประตูบ้านให้สวยแบบ Luxury กับดีไซน์ “มือจับใหญ่สำหรับทางเข้าชเลค (Schlage) Handleset F-Series” ในรูปทรง Modern Classic,https://www.wazzadu.com/article/2944,"2,944",,,,1,,,,,1,,,,,,,,,,,,,,,,,1,,,,1,,,,,,,,,,,,,,,,,,,,,,,,,1,,,
เอกสารเยอะแค่ไหนก็ใส่ได้สบายสุดๆ ด้วยตู้ไปรษณีย์ T Series 5S กับหลากหลายสีสัน เพื่อทุกรูปแบบงานโครงการ,https://www.wazzadu.com/article/2956,"2,956",,,,1,,,,,1,,,,,,,,,,,,,,,,,,,,,,,,,,,,,,,,,,,,,,,,,,,,,,,,,
พอกันทีกับปัญหาจดหมายชำรุด! ด้วยตู้ไปรษณีย์ที่ออกแบบอย่างเข้าใจ ให้ทุกเอกสารสำคัญไม่เสียหาย,https://www.wazzadu.com/article/2957,"2,957",,,,1,,,,,1,,,,,,,,,,,,,,,,,,,,,,,,,,,,,,,,,,,,,,,,,,,,,,,,,
สั่งง่าย ได้ดังใจ เหล็กเส้นขึ้นรูปพร้อมใช้ CUT & BEND,https://www.wazzadu.com/article/3184,"3,184",,,,1,,,,,1,,,,,,,,,,,,,,,,,,,,,,,,,,,1,,,,,,,,,,,,,,,,,,,,,,
The Politan Rive สะท้อนอารมณ์สุดแสนโรแมนติกผ่านงานตกแต่งด้วยกระจกหลากชนิด,https://www.wazzadu.com/article/3501,"3,501",,,,,1,,,,1,,,1,,,,,,,,,,,,,,,,,,,,,,,,,,,,,,,,,,,,,,1,,,,,1,,,
Supalai Loft กับการออกแบบ Fitness ที่กระตุ้นความรู้สึกเสริมสร้างแรงบันดาลใจในการออกกำลังกาย,https://www.wazzadu.com/article/3502,"3,502",,,,,1,,,,1,,,1,,,,,,,,,,,,,,,,,,,,,,,,,,,,,,,,,,,,,,,,,,,,,,1
มาตรฐานสากลที่ใช้ในการตัดสินใจเลือกซื้อแผ่นลามิเนต HPL มีอะไรบ้าง (Standard and Certificate of High Pressure Laminate),https://www.wazzadu.com/article/4054,"4,054",,1,,1,,,,,1,,,,,,,,,,,,,,,,,,,,,,,,,,,1,,,,,,,,,,,,,,,,,,,,,,
รู้ไว้ใช่ว่า… พบเรื่องปลวกๆ ชวนให้รู้ ในแง่มุมที่คุณอาจไม่เคยรู้มาก่อน,https://www.wazzadu.com/article/4116,"4,116",,1,,1,,,,,1,,,,,,,,,,,,,,,,,,,,,,,,,,,,,,,,,,,,,,,,,,,,,,,,,
Back to Basic ส่องเทรนด์สีเรียบแต่โดดเด่น เป็นที่นิยมในงาน Interior Design,https://www.wazzadu.com/article/4110,"4,110",,1,,1,,,,,,,,,,,,,,,,,,,,,,,,,,,,,,,,,1,,,,,,,,,,,,,,,,,,,,,
Bathroom…relaxing space หลีกหนีโลกภายนอก ไปกับห้องน้ำโทนสีอบอุ่น ผ่อนคลายได้สุด ในพื้นที่ส่วนตัวที่มีแค่คุณ!,https://www.wazzadu.com/article/4111,"4,111",,,,1,,,,,1,,,,,,,,,,,,,,,,,,,,,,,,,,,,,,1,,,,,,,,,,,,1,,,,,,,
ลามิเนตปิดผิวผนังใช้กับงานภายนอกอาคารได้หรือไม่?,https://www.wazzadu.com/article/4112,"4,112",,,,1,,,,,1,1,,,,,,,,,,,,,,,,,,,,,,,,,1,1,,,,,,,,,,,,,,,,,,,,,,1
"รู้จัก 3 วัสดุปิดผิวเพื่องานตกแต่งภายในและเฟอร์นิเจอร์ Engineer Veneer, Veneer, Laminate",https://www.wazzadu.com/article/4113,"4,113",,1,,1,,,,,,,,,,,,,,,,,,,,,,,,,,,,,,,,,,,,,,,,,,,,,,,,,,,,,,
ทฤษฎีสีในการออกแบบ และการประยุกต์ใช้งานสำหรับการออกแบบห้องน้ำ,https://www.wazzadu.com/article/4114,"4,114",,1,,1,,,,,,,,,,,,,,,,,,,,,,,,,,,,,,,,,,,1,,,,,,,,,,,1,,,,,,,,
4 ไอเดียในการสร้างสรรค์จินตนาการ ด้วยแผ่นลามิเนตตัดต่อได้,https://www.wazzadu.com/article/4107,"4,107",,,,1,,,,,1,,,,,,,,,,,,,,1,,,,,,,,,,,,,,,,,,,,,,,,,,,1,,,,,,,,
บล็อกประสานกับอิฐมอญแตกต่างกันยังไง? ควรเลือกวัสดุไหนสำหรับงานออกแบบสวน,https://www.wazzadu.com/article/4073,"4,073",,1,,,1,,,,,,,,,,,,,,,,,,1,,,,,,,,,,,,,,,,,,,,,1,,,,,,,1,,,,,,,
แนะนำคุณสมบัติของ “อิฐทนไฟ” อยากตกแต่งสวนหรือออกแบบภายใน สไตล์ Loft & Industrial ต้องรู้จัก!,https://www.wazzadu.com/article/4074,"4,074",,1,,1,,,,,,,,,,,,,,,,,,,,,,,1,,,,,,,,,,,,,,,,,1,,,,,,,1,,,,,,,
Prefab House จากชาเล่ต์...ให้ทุกจังหวะชีวิตใกล้ชิดธรรมชาติกว่าที่เคย,https://www.wazzadu.com/article/4075,"4,075",,,,1,,,,,1,,1,,,,,,,,,,,,,,,,,,,,,,,,1,1,,,,,,,,,,1,,,,,,,,,,,1,
วิธีดูแลแผ่นทางเท้าให้สวย สะอาด และห่างไกลคราบตะไคร่น้ำ,https://www.wazzadu.com/article/4076,"4,076",,,,1,,,,,1,,,,,,,,,,,,,,,,,,,,,,,,,,,,,,,,,,,1,,,,,,1,1,,,,,,,
ชีวิตสมาร์ท ชาร์จไว ด้วย ZENS Wireless charger,https://www.wazzadu.com/article/3962,"3,962",,,,1,,,,,1,,,,,,,,,,,,,,,,,,,,,,,,1,,,,,1,,1,1,,,,,,,,,,,,,,,,,
NETBOX Smart Tray ตัวช่วยจัดระเบียบสายไฟในห้องประชุม,https://www.wazzadu.com/article/3963,"3,963",,,,1,,,,,1,,,,,,,,,,,,,,,,,,,,,,,,,,,,,,,,,,,,,1,,,,,,,,,,,,
จบงานง่าย...ด้วยเหล็กดัดอิตาลี,https://www.wazzadu.com/article/3945,"3,945",,,,1,,,,,,1,,,,,,,,,,,,,,,,,,,,,,,,,,,,,,,,,1,,,,,,,,,,,,1,,,
โครงการบ้านเดี่ยว Centro ไว้ใจในคุณภาพของไม้สังเคราะห์เกรดพรีเมี่ยมจาก SCI Wood,https://www.wazzadu.com/article/3946,"3,946",,,,1,,,,,,,1,,,,,,,,,,,,,,,,,,,,,,,,,,,,,,,,,,,,,,,,,,,,,,,1
รับมือแผ่นดินไหว ไปกับเหล็กเส้นเหนียวพิเศษ TATA TISCON Super Ductile,https://www.wazzadu.com/article/3909,"3,909",,,,1,,,,,1,,,,,,,,,,,,,,,,,,,,,,,,,,,,,,,,,,,,,,,,,,,,,,,,1,
เพิ่มคุณภาพงานก่อสร้างได้ง่ายๆ ด้วยบริการ Cut & Bend จาก TATA TISCON,https://www.wazzadu.com/article/3910,"3,910",,,,1,,,,,1,1,,,,,,,,,,,,,,,,,,,,,,,,,,,,,,,,,,,,,,,,,,,,,,,1,
ทำไมเหล็กข้ออ้อย SD50 ถึงรับแรงดึงได้สูงกว่าเหล็กเส้นชนิดอื่น !?,https://www.wazzadu.com/article/3911,"3,911",,1,,1,,,,,1,,,,,,,,,,,,,,,,,,,,,,,1,,,,,,,,,,,,,,,,,,,,,,,,,1,
ทำไมผู้รับเหมาสมัยใหม่ถึงเลือกใช้ บริการ Cut & Bend จาก TATA TISCON?,https://www.wazzadu.com/article/3912,"3,912",,,,1,,,,,1,1,,,,,,,,,,,,,,,,,,,,,,,,,,,,,,,,,,,,,,,,,,,,,,,,
ชวนมาดู! โครงสร้างบานประตูรักษ์โลก Melamine Finish จากไม้ปาร์ติเคิล,https://www.wazzadu.com/article/3839,"3,839",,,,1,,,,,1,,,,,,,,,,,,,,,,,,,,,,,,,,,,,,1,,,,,,,,,,,1,,,,,1,,,
ทำไมไม้พื้นที่ผสมสีเข้ากับเนื้อวัสดุมีความคุ้มค่ากว่า,https://www.wazzadu.com/article/3802,"3,802",,,,1,,,,,1,1,,,,,,,,,,,,,,,,,,,,,,,,,,,,,,,,,,,,,,,,,,,,,,,,
จิตวิทยาสี และการดีไซน์ มีผลอย่างไรต่อการตอบสนองของมนุษย์,https://www.wazzadu.com/article/3803,"3,803",,1,,,1,,,,,,,,,,,,,,,,,,1,,,,,,,,,,,1,,,,,,,,,,,,,,,,,1,,,,,,,
Asfour Crystal  แบรนด์ใหญ่แห่งวงการคริสตัลอันดับต้นๆของโลก ที่คุณควรจะรู้จัก,https://www.wazzadu.com/article/3805,"3,805",,1,,,1,,,,,,,,,,,,,,,,,,,,,,,,,,,,,,,,,,,,,,,,,,,,,,,,,,,,,
เปรียบเทียบคุณสมบัติและข้อดี-ข้อเสียของไม้เทียม WPC และไม้เทียมไฟเบอร์ซีเมนต์,https://www.wazzadu.com/article/3794,"3,794",,1,,1,,,,,1,,,,,,,,,,,,,,,,,,,,,,,1,,,,,,,,,,,,,,,,,,,,,,,,,,
"UPVC, SPVC, PVC ต่างกันยังไงต้องมาดู!",https://www.wazzadu.com/article/3796,"3,796",,1,,1,,,,,,,,,,,,,,,,,,,,,,,,,,,,,,,,,,,,,,,,,,,,,,1,,1,,,1,,,1
เลือกประตู uPVC แบบไหนไม่ให้ผิดหวัง อยากได้ของดีต้องเลือกที่มี มอก.,https://www.wazzadu.com/article/3797,"3,797",,1,,1,,,,,1,1,,,,,,,,,,,,,,,,,,,,,,,,,,1,,,,,,,,,,,,,,,,,,,1,,,
สยบ 7 ปัญหาเรื่องประตู ด้วยประตู uPVC จาก JF Profile,https://www.wazzadu.com/article/3798,"3,798",,1,,1,,,,,,,,,,,,,,,,,,,,,,,,,,,,,,,,,,,,,,,,,,,,,,,,,,,1,,,
เพิ่มชีวิตชีวาให้กับห้องของคุณด้วยไอเดียการตกแต่งด้วยฝ้าเพดานไม้หลากหลายสไตล์,https://www.wazzadu.com/article/3667,"3,667",,,,1,,,,,,,,,,,,,,,,,,,1,,,1,,,,1,,,,,,,,,,1,,,,,,,,,1,,,,1,,,,,
"ให้ม่านสวย สมบูรณ์แบบง่ายๆ ด้วย รางม่านประดับ"" ลายไม้ธรรมชาติ ที่ออกแบบอย่างเข้าใจทุกโมเมนต์การใช้งาน """,https://www.wazzadu.com/article/3668,"3,668",,,,1,,,,,1,,,,,,,,,,,,,,,,,,,,,,,,,,,,,,,,,,,,,,,,,,,,,,1,,,
ปรับได้แค่ขยับ! “รางแขวนรูป TOSO” ติดตั้งครั้งเดียว ก็เปลี่ยนสเปซได้ตามใจ,https://www.wazzadu.com/article/3670,"3,670",,,,1,,,,,1,,,,,,,,,,,,,,,,,,,,,,,,,,,,,,,,,,,,,,,,,1,,,,,,,,
ปกป้องรอบตัวบ้านอย่างมั่นใจ กับ “ระแนงไวนิล PLASTPOLE ตราภูเขา” ที่สามารถทนต่อทุกสภาพอากาศในประเทศไทย,https://www.wazzadu.com/article/3671,"3,671",,,,1,,,,,1,,,,,,,,,,,,,,,,,,,,,,,,,,,,,,,,,,,,,,,,,,,,,,,,,1
เปลี่ยนผนังเก่าที่แสนน่าเบื่อด้วยการตกแต่งผนังสไตล์อินดัสเทรียลด้วยกระจก Antique Mirror,https://www.wazzadu.com/article/3538,"3,538",,,,1,,,,,1,,,,,,,,,,,,,,1,,,,1,1,,,,,,,,,,,,,,,,,,,,,,1,,,,,,,,
ไอเดียตกแต่งหลากหลายพื้นที่การใช้งาน โดยการสื่อสารผ่านตัวอักษรบนกระจก Pixcelglas,https://www.wazzadu.com/article/3539,"3,539",,,,1,,,,,1,,,,,,,,,,,,,,1,,,,,,,,,,,,,,,,,,,,,,,,,,,1,,,,,,,,
งานปัง แถมสุขภาพไม่พัง! เพราะเก้าอี้ Ergotrend นั่งสบาย...นานแค่ไหน ก็ไม่เมื่อย,https://www.wazzadu.com/article/3540,"3,540",,,,1,,,,,1,,,,,,,,,,,,,,,,,,,,,,,,,1,,,,,,,,,,,,1,,,,,,,,,,,,
แชร์ไอเดียกันง่ายขึ้น ด้วยโต๊ะทำงาน 2 ที่นั่ง...ใกล้แค่ไหนก็ยังส่วนตัวได้,https://www.wazzadu.com/article/3541,"3,541",,,,1,,,,,1,,,,,,,,,,,,,,1,,,,,,,,,,,1,,,,,,,,,,,,1,,,,,,,,,,,,
ลดรอยต่อ ฟลอร์เต็มผืน กลมกลืนทุกสัมผัส,https://www.wazzadu.com/article/2891,"2,891",,,,1,,,,,1,,,,,,,,,,,,,,,,,,,,,,,,,,,,,,,,,,,,,,,,,,1,,,,,,,
เนียนเรียบ เงียบสนิท พื้นลามิเนต Kronotex,https://www.wazzadu.com/article/2892,"2,892",,,,1,,,,,1,,,,,,,,,,,,,,,,,,,,,,,,,,,,,,,,,,,,,,,,,,1,,,,,,,
ผิวสัมผัสสบายเท้า ชวนเดิน ด้วยพื้นลามิเนต Kronotex,https://www.wazzadu.com/article/2893,"2,893",,,,1,,,,,1,,,,,,,,,,,,,,,,,,,,,,,,,,,,,,,,,,,,,,,,,,1,,,,,,,
เติมเต็มกลิ่นอายห้องน้ำได้หลายสไตล์ ด้วย NO.20 (นัมเบอร์ ทเวนตี้) สุขภัณฑ์คุณภาพดี ผลการทดลองลำดับที่ 20 จาก “nahm”,https://www.wazzadu.com/article/2894,"2,894",,,,,1,,,,1,,,,,,,,,,,,,,,,,1,,,1,,1,,,,,1,,,1,,,,,,,,,,,,,,,,,,,
ตกแต่งบ้านสไตล์โมเดิร์น พร้อมสร้างความเป็นส่วนตัวด้วยกระจกสะท้อนแสง ที่ลดพลังงานความร้อนภายในบ้าน,https://www.wazzadu.com/article/2795,"2,795",,,,1,,,,,1,,,,,,,,,,,,,,,,,1,,,,,,,,,,,,,,,,,,,,,,,,1,,,,,,,,
สวยสะดุดตากับการออกแบบลวดลายผนังกระจกพิมพ์ลาย Picxelglas สร้างบรรยากาศภายในห้องให้สวยงาม,https://www.wazzadu.com/article/2796,"2,796",,,,1,,,,,1,,,,,,,,,,,,,,,,,,,,,,,,,,,,,,,,,,,,,,,,,1,,,,,,,,
สร้างมิติใหม่ให้กับบานช่องแสง ที่ทั้งประหยัดพลังงานและถ่ายโอนความสวยงามของงานออกแบบได้อย่างลงตัว,https://www.wazzadu.com/article/2799,"2,799",,1,,,,,,,,,,,,,,,,,,,,,,,,,,,,,,,,,,,,,,,,,,,,,,,,,,,,,1,1,,
โดดเด่นสุดสายตา ด้วยระบบอลูมิเนียมบานเฟี้ยม รับบรรยากาศเต็มที่กับขนาดบานสูงถึง 3 เมตร,https://www.wazzadu.com/article/2800,"2,800",,,,1,,,,,1,,,,,,,,,,,,,,,,,,,,,,,,,,,,,,,,,,,,,,,,,,,,,,1,1,,
สุดยอดวัสดุเด่นที่ซ่อนตัวอยู่ใต้ถนน “O GUTTER”  ท่อระบายน้ำคอนกรีตสุดแกร่ง แก้ไขปัญหาน้ำได้ยอดเยี่ยม,https://www.wazzadu.com/article/2701,"2,701",,1,,,1,,,,,,,,,,,,,,,,,,,,,,,,,,,,1,,,,,,,,,,,,,,,,,,,,,,,1,,
โคตรทน ! ทรงพลัง ! ดั่งเพื่อนคู่ถนน “O GUTTER”  รางระบายน้ำ ที่รองรับน้ำหนักได้มากมหาศาล,https://www.wazzadu.com/article/2702,"2,702",,,,1,,,,,1,,,,,,,,,,,,,,,,,,,,,,,,,,,,,,,,,,,,,,,,,,,,,,,1,,
มั่นใจหายห่วงกับมาตรฐานทนไฟ 3 ชั่วโมง ของคานผลักประตูหนีไฟจาก Skulthai United,https://www.wazzadu.com/article/2703,"2,703",,,,1,,,,,1,,,,,,,,,,,,,,,,,,,,,,,,,,,1,,,,,,,,,,,,,,,,,,,1,,,
“ผ้าสไตล์คลาสสิก คอลเลคชั่น Spencer” จาก VC Fabric เพื่องานตัดเย็บในการตกแต่งม่านและหมอนอิง ให้โรงแรมสไตล์ Modern Classic,https://www.wazzadu.com/article/2619,"2,619",,,,1,,,,,1,,,,,,,,,,,,,,,,,1,,,,1,,,,,,,,,,,,,,,,,,,,,,,,,1,,,
Texture ของม่านที่ไม่เหมือนใคร! ด้วยการปั๊มลายนูนให้โมเดิร์นขึ้น กับ “ผ้าม่านกันยูวี คอลเลคชั่น Gable” จาก VC Fabric,https://www.wazzadu.com/article/2620,"2,620",,,,1,,,,,1,,,,,,,,,,,,,,,,,,,,,,,,,,,,,,,,,,,,,,,,,,,,,,1,,,
ของมันต้องมี! เมื่อผ้าม่านช่วยแก้ปัญหาภูมิแพ้!! นี่คือนวัตกรรมผ้าม่านเพื่อสุขภาพที่ดี จากแบรนด์ VC Fabric,https://www.wazzadu.com/article/2621,"2,621",,,,1,1,,,,1,,,,,,,,,,,,,,,,,1,,,,,,,,1,1,,,,,,,,,,,,,,,,,,,,1,,,
Melamine Finish กับการใช้งานที่แตกต่างกันระหว่าง ผลิตภัณฑ์ห้องน้ำสำเร็จรูป Compact Laminate และ  Laminated Foam Board,https://www.wazzadu.com/article/2488,"2,488",,1,,1,,,,,,,,,,,,,,,,,,,,,,,,,,,,,,,,,,,1,,,,,,,,,,,1,,,,,1,,,
"5 เทคนิคการเลือก  บานเลื่อนกั้นห้อง"" ให้เหมาะกับ Lifestyle และความต้องการ""",https://www.wazzadu.com/article/2489,"2,489",,,,1,,,,,,,,,,,,,,,,,,,1,,,1,,,,,,,,,,,,,,,,,,,,1,1,,,,,,,,1,,,
"บานเลื่อนกั้นห้องปราศจากเฟรมล่าง"" สะดวกต่อการเคลื่อนย้ายของ เหมาะสำหรับ Working Space ยุคใหม่ !""",https://www.wazzadu.com/article/2490,"2,490",,,,1,,,,,1,,,,,,,,,,,,,,,,,,,,,,,,,,,,,,1,,1,,,,,1,,,,,,,,,1,,,
“บล็อคตกแต่ง Double Square Block” กับงานตกแต่งภายในแบ่งพื้นที่ความเป็นส่วนตัวได้ในพื้นที่ขนาดเล็กเช่นคอนโดมิเนียม,https://www.wazzadu.com/article/2491,"2,491",,,,1,,,,,1,,,,,,,,,,,,,,,,,,,,,,,,,,,,,,,,,,,,,,,,,1,,,,,,,,
เลือกโซฟาสำหรับ Small Space ให้สวยและพอดีสำหรับคอนโดหรืองานโครงการที่มีพื้นที่จำกัด,https://www.wazzadu.com/article/1999,"1,999",,1,,,,,,,,,,,,,,,,,,,,,1,,,,,,,,,,,,,,,,,,,,,,,,,,,,,,,,,,,
LEGO BLOCK SYSTEM บล็อกที่ช่วยเพิ่มแสงสว่างจากธรรมชาติให้กับ Space ภายในอาคาร,https://www.wazzadu.com/article/1931,"1,931",,,,1,,,,,1,,,,,,,,,,,,,,,,,,,,,,,,,,,,,,,,,,,,,,,,,1,,,,,1,,,
"Brother's Bar & Restaurant"" ร้านที่นำเอาจุดเด่นของ Emotional Lighting มาใช้ในการออกแบบแสงให้เข้ากับเสียงเพลง เพื่อสร้างบรรยากาศที่มีเสน่ห์""",https://www.wazzadu.com/article/1932,"1,932",,,,,,,,,,,,,,,1,,,,,,,,,,,,,,,,,,,,,,,,,,,,,,,,,,,,,,,,,1,,
"SOHO OFFICE"" กับการเปลี่ยนพื้นที่สำนักงานให้เป็น Installation Space ด้วยการนำกระจกหลากชนิดมาใช้ตกแต่งในทุกระนาบมิติ""",https://www.wazzadu.com/article/1934,"1,934",,,,,,,,,,,,,,1,,,,,,,,,,,,,,,,,,,,,,,,,,,,,,,,1,,,,1,1,,1,,,,,
Sala Ayutthaya บูติค โฮเตลสุดฮิป ที่สะท้อนความงามแห่งอดีตแบบไทยดั้งเดิม,https://www.wazzadu.com/article/225,225,,,,,,,,,,,,,,,1,,,,,,,,,,,,,,,,,,,,,,,,,,,,,,,,,,,1,,,,,,,,1
ใครจะไปคิด!!! ว่ามือจับประตู  ก็สามารถนำมาทำเป็นของใช้ก็ได้ ของตกแต่งก็ดี,https://www.wazzadu.com/article/355,355,,,,,,,,,,,,,,,,,,,,,,,1,,,,,,,,,,,,,,,,,,,,,,,,,,,,,,,,1,,,
Loft & Industrial Style นิยามการตกแต่งที่ให้กลิ่นอายความดิบเท่ ได้อย่างมีเสน่ห์,https://www.wazzadu.com/article/669,669,,,,,1,,,,,,,,,,,,,,,,,,1,,,,1,,,,,,,,,,,,,,,,,,,,,,,,,,,,,,,
"Chant’s Cafe"" ร้านกาแฟที่แปลงโฉมจากตึกแถวเก่า เปี่ยมด้วยเสน่ห์เฉพาะตัวที่ไม่จางหายไปตามกาลเวลา """,https://www.wazzadu.com/article/721,721,,,,,,,,,,,,,,,1,,,,,,1,,,,,,,,,,,,,,,,,,,,,,,,,,,,,1,,,,,,,,
Botanica Khao Yai การนำบริบทธรรมชาติมาเป็นส่วนหนึ่งของงานสถาปัตยกรรม ในแบบฉบับ Tropical Style,https://www.wazzadu.com/article/733,733,,,,,,,,,,,,,,,,1,,,,,1,,,,,,,,1,,,,,,,,,,,,,,,,,,,,,,,,,,,,,
"An Urban Oasis การออกแบบเพื่อเปิดมุมมองเชื่อมต่อพื้นที่สีเขียวใจกลางย่านชิดลม 28 Chidlom"" """,https://www.wazzadu.com/article/826,826,,,,,,,,,,,,1,,,,,,,,,,,,,,,,,,,,,,,,,,1,,,,,1,,,,,,,,,,,,1,,,1
แนะนำช่างมือโปร ::  แสดงตัวตนของคุณผ่านงานออกแบบสถาปัตยกรรม ด้วยฝีมือของ “Hugga Studio”,https://www.wazzadu.com/article/1415,1415,,,,1,,1,,,,1,,,,,1,,,,,,,,,1,,,,,,,,,,,,,,,,,,,,,,,,,,,,,,,,,,
ร้านอาหารอีสาน ภูไท ออกแบบเก๋,https://www.wazzadu.com/article/1513,1513,,,,,,,,,,,,,,,1,,,,,,,,,,,,,,,,,,,,,,,,,,,,,,,,,,,,,,,,,,,
"ค้นพบไอเดียการใช้วัสดุสไตล์ Industrial Loft อย่างลงตัวที่ร้านอาหารสุดเท่ Beton Restaurant"" จากประเทศยูเครน!!""",https://www.wazzadu.com/article/2283,2283,,,,,,,,,,,,,,,1,,,,,,,,1,,,,1,,,,,,,,,,,,1,,,1,,,,,,,,1,,,1,,,,1,
"Morpheus Hotel"" โรงแรมที่ออกแบบโดย Zaha Hadid กับแนวคิดทางสถาปัตยกรรมที่ได้มาจากการแกะสลักหยกของจีน""",https://www.wazzadu.com/article/2348,2348,,,,,,,,,,,,,,,,1,,,,,,,1,,,,,,,,,,,,,,,,,,,,,,,,,,,,,,,,,,1,1
"Kaffeehaus"" คาเฟ่สไตล์เวียนนิส กับ “ไม้แท้มีชีวิต” สีสันจากธรรมชาติ...ที่จะพาคุณดำดิ่งสู่โลกแห่งความหรูหราสุดคลาสสิก! """,https://www.wazzadu.com/article/3452,3452,,,,1,,,,,1,,,,,,1,,,,,,,,,,,,,,,1,,,,,,,,,,,,,,,,,,,1,,,,,,,,1,
"งานติดตั้งฐานราก เข็มเหล็ก"" รองรับอาคารร้านอาหารบ้านดงวิวดอย จ.เชียงใหม่""",https://www.wazzadu.com/article/3987,3987,,,,1,,,,,1,,,,,,1,,,,,,,,,,,,,,,,,,1,,,,,,,,,,,,,,,,,,,,,,,1,1,
รายละเอียดการออกแบบ และติดตั้งงานกระจกในโปรเจคระดับโลกอย่าง Apple Campus : Foster + Partners,https://www.wazzadu.com/article/3800,"3,800",,,,,,,,,,,,,1,,,,,,,,,,,,,,,,,,,,1,,,,,,,,,,,,,,,,,1,,1,,,,,,1
ทรงคุณค่าเหนือกาลเวลากับ Estella โคมไฟระย้า (chandelier) นำเข้าจากยุโรป,https://www.wazzadu.com/article/2947,"2,947",,,,1,,,,,,1,,,,,,,,,,,,,,,,,,,,,,,,,,,,,,,,,,,,,,,,,,,,,,,,
ไม้วีเนียร์ (Wood Veneer) คืออะไร มีกี่ประเภท และมีคุณสมบัติข้อดี-ข้อเสียอย่างไร,https://www.wazzadu.com/article/2232,"2,232",,1,1,,1,,,,,,,,,,,,,,,,,,,,,,,,,,,,,,,,,,,,,,,,,,,,,1,1,,,,,,,
วอลเปเปอร์ (Wallpaper) กับคุณสมบัติที่ควรรู้ก่อนจะนำไปใช้งาน,https://www.wazzadu.com/article/2055,"2,055",,1,1,,,,,,,,,,,,,,,,,,,,,,,,,,,,,,,,,,,,,,,,,,,,,,,1,,,,,,,,
"Galeries Lafayette"" อาคารที่ออกแบบเพื่อตอบโจทย์เชิงพาณิชย์ แต่ในขณะเดียวกันก็ต้องกลายเป็นสัญลักษณ์ที่สะท้อนการเปลี่ยนแปลงภายในย่านเมืองเก่า """,https://www.wazzadu.com/article/2046,"2,046",,,,,,,,,,,,,,,,,,,1,,,,,,,,,,,,,,,,,,,,,,,,,,,,,,,,,,,,,,,1
รวม 9 ไอเดียรีโนเวทสไตล์ __I n d u s t r i a l  &  L o f t __ เสน่ห์ความเท่ที่ไม่เหมือนใคร,https://www.wazzadu.com/article/646,646,,,,,,,,,,,1,,,,,,,,,,,1,1,,,1,1,,,,,,,,,,,,,,,,,,,,,,,,,,,,1,,,
การตกแต่งออฟฟิศให้ได้บรรยากาศแสนอบอุ่นสไตล์ Industrial&Rustic ในแบบฉบับของ “Starbucks” (ตอนที่ 1),https://www.wazzadu.com/article/592,592,,,,,,,,,,1,,,,,1,,,,,,,,,,,,,,,,,,,,,,,,,,,,,,,,,,,,,,,,,,,
"แนวคิดและรายละเอียดการออกแบบอาคารสำนักงาน Mindshare Thailand Office""""",https://www.wazzadu.com/article/4012,"4,012",,,,,,1,1,,,,,,,,,,,,,,,,1,,,,,,,,,,,,,,,,,,,,,,,1,,,,,,,,,,,,1
แนวคิดและรายละเอียดการออกแบบโรงแรม Six Senses Bhutan,https://www.wazzadu.com/article/4007,"4,007",,,,,,1,1,,,,,,,,,1,,,,,,,,,,,,,,,,,,,,,,,,,,,1,,,,,,,1,,,1,,,,,
"เทรนด์การออกแบบประสบการณ์โรงแรม ที่สอดคล้องกับพฤติกรรมนักท่องเที่ยวยุคใหม่ Hotel Trend 2020"" """,https://www.wazzadu.com/article/4009,"4,009",,1,,,,1,1,,,,,,,,,,,,,,,,,,,,,,,,,,,,,,1,,,,,,,,,,,,,,,,,,,,,
" Interior Design 4.0 Seminar "" วัสดุศาสตร์น่ารู้ ไม้คอร์กกับสุนทรียภาพในงานออกแบบตกแต่งภายใน""",https://www.wazzadu.com/article/2329,"2,329",,1,,,,,,,,,,,,,,,,,,,1,,,,,,,,,,,,,,,,,,,,,,,,,,,,,1,1,,1,,,,,
"สัมมนาเทคนิคการสเปควัสดุ ของสถาปนิกยุคใหม่ผ่านช่องทางออนไลน์"" ได้รับการตอบรับจากแบรนด์ต่างๆอย่างคึกคัก""",https://www.wazzadu.com/article/1204,"1,204",,,,,,,1,,,,,,,,,,,,,,,,,,,,,,,,,,,,,,,,,,,,,,,,,,,,,,,,,,,
"พบกับนักสร้างสรรค์แห่งยุค ของวงการสถาปัตยกรรมที่จะพลาดไม่ได้ในปี 2017 กับงาน Wazzadu TALK"" """,https://www.wazzadu.com/article/780,780,,,,,,,,,,,,,,,,,,,,,1,,,,,,,,,,,,,,,,,,,,,,,,,,,,,,,,,,,,,
การพัฒนา และปรับตัวของผู้ประกอบการตกแต่ง ก่อสร้างไทยในยุค 4.0 จะต้องทำอย่างไร ?,https://www.wazzadu.com/article/777,777,,,,,,,1,,,,,,,,,,,,,,1,,,,,,,,,,,,,,,,,,,,,,,,,,,,,,,,,,,,,
สานต่อก้าวสำคัญจากจุดเริ่มต้น Exclusive Seminar The Most Powerful Brand 2015 สู่ Wazzadu Award 2016,https://www.wazzadu.com/article/770,770,,,,,,,1,,,,,,,,,,,,,,1,,,,,,,,,,,,,,,,,,,,,,,,,,,,,,,,,,,,,
"Wazzadu Business Seminar"" เจาะเทรนด์การตลาดสำหรับสินค้าวัสดุตกแต่ง เพื่อกุมหัวใจนักออกแบบยุคใหม่""",https://www.wazzadu.com/article/687,687,,,,,,,1,,,,,,,,,,,,,,1,,,,,,,,,,,,,,,,,,,,,,,,,,,,,,,,,,,,,
"builttech"" จัดสัมมนา Open House Franchise เพื่อพลิกโฉมวงการเฟอร์นิเจอร์บิ้วท์อินก้าวสู่ยุคใหม่""",https://www.wazzadu.com/article/509,509,,,,,1,,1,,,,,,,,,,,,,,,,,,,,,,,,,,,,,,,,,,,,,,,,,,,,,,,,,,,
แชร์เก็บไว้ดู!!! 30 สุดยอดสารคดีสถาปัตยกรรม ที่หาดูได้ฟรีบน Youtube (พากย์ไทย),https://www.wazzadu.com/article/1116,"1,116",,,,,,,,,,,,,,,,,,,,,,1,1,,,,,,,,,,,,,,,,,,,,,,,,,,,,,,,,,,1,
"Capital Gate"" อาคารที่เอียงมากที่สุดในโลก และท้าทายทุกกฏของสถาปัตยกรรม""",https://www.wazzadu.com/article/1145,"1,145",,,,,,,,,,,,,,,,,,,1,,,,,,,,,,,,,,,,,,,,,,,,,,,,,,,,,,,,,1,1,1
แนะนำช่างมือโปร :: สร้างเฟอร์นิเจอร์บิลท์อินในสไตล์ที่ใช่ ด้วยฝีมือของ “ช่างวิท”,https://www.wazzadu.com/article/1262,"1,262",,,,1,,,,,,,,,,,,1,,,,,,,,,,,,,,,,,,,,,,,,,1,,,,,,,,,,,,,,,,,
สร้างบรรยากาศที่หรูหราให้กับโรงแรมและ Service Apartment ระดับHigh-end ด้วยผ้าม่าน High-quality จาก VC Fabric,https://www.wazzadu.com/article/1771,"1,771",,,,1,,,,,1,,,,,,,1,,,,,,,,,,,,,,,,,,,,,,,,,,1,,,,,,,,,,,,,,,,
BaBa Beach Club Hua Hin หรือ บ้านโชคในอดีต กับการสร้างสถาปัตยกรรมใหม่ด้วยโครงสร้างเหล็ก ที่ยังคงไว้ซึ่งอัตลักษณ์ดั้งเดิมได้อย่างมีเสน่ห์,https://www.wazzadu.com/article/2014,"2,014",,,,,,,,,,,,,,,,1,,,,,,,,,,,,,,,,,,,,,,,,,,,,,,,,,,,,,,,1,,1,
Naman Retreat รีสอร์ทสไตล์ Tropical ที่นำลูกเล่นของวัสดุท้องถิ่นอย่างไม้ไผ่มาออกแบบ Space ที่น่าทึ่ง,https://www.wazzadu.com/article/2284,"2,284",,,,,,,,,,,,,,,,1,,,,,,,,,,,,,1,,,,,,,,,,,,,1,,,,,,,,,,,,,,,1,
แวะชมโรงแรมในสไตล์ Modern Scandinavian ที่ใช้พื้นไม้คอร์ก (Cork Flooring) สร้าง mood&tone อันอบอุ่นและดูผ่อนคลาย,https://www.wazzadu.com/article/2319,"2,319",,,,,,,,,,,,,,,,1,,,,,,,,,,1,,,,,,,,,,,,,,,,,,,,,,,,,1,,,,,,,
Nai Lert Park Hotel กับเสน่ห์ของการเลือกใช้กระจก Reflective สำหรับการ Renovate,https://www.wazzadu.com/article/2765,"2,765",,,,,1,,,,,,,,,,,1,,,,,,,,,,,,,,,,,,,,,,,,,,,,,,,,,,,,,,,,,,1
"เปลี่ยนท่อระบายน้ำให้เป็นรีสอร์ทสุดพีค"" ไอเดียธุรกิจชิคๆ ที่ใครๆก็ทำได้""",https://www.wazzadu.com/article/2844,"2,844",,,,,,,,,,,,,,,,1,,,,,,,1,,,,,,,,,,,,,,,,,,,,,,,,,,,,,,,,,,,1
Custom ได้ ไม่จำกัดไอเดีย ไปกับประตูแกะสลักไม้แท้จากเครื่อง CNC คุณภาพสูง!,https://www.wazzadu.com/article/3708,"3,708",,,,1,,,,,1,,,,,,,,,,,,,,,,,1,,,,,,,,,,1,,,,,,,,,,,,,,,,,,,1,,,
โครงการ Hachi Serviced Apartment by Octane Architect and Design,https://www.wazzadu.com/article/4115,"4,115",,,,,,,,,,,,1,,,,1,,,,,,,,,,,,,,,,,,,,,,,,,,,,,,,,,,1,,,,,1,,,1
แชร์เก็บไว้ใช้!!! รวม 10 เว็บไซต์ ดาวน์โหลด Texture ลายไม้สำหรับใช้ไดคัท,https://www.wazzadu.com/article/1021,"1,021",,,,,,,,,,,,,,,,,,,,,,1,1,,,,,,,,,,,,,,,,,,,,,,,,,,,,,,,,,,,
รีโนเวทอาคารที่พักเก่าให้กลายเป็นโฮสเทลสุดเท่ ด้วยวัสดุ OSB ในเมือง QUARTEIRA,https://www.wazzadu.com/article/1272,"1,272",,,,,1,,,,,,,,,,,1,,,,,,,,,,,,,,,,,,,,,,1,,,1,,,,,,,,,1,1,,,,,,,
วัสดุอลูมิเนียม กับการเล่นแร่แปรธาตุทางสถาปัตยกรรมของสถาปนิกหัวก้าวหน้า Coop Himmelb(l)au,https://www.wazzadu.com/article/359,359,,,,,,,,,,,,,,,,,,,1,,,,1,,,,,,,,,,,,,,,,,,,1,,,,,,,,,,,,,,,,1
"การออกแบบระเบียงอาคาร ด้วยวัสดุกระจกเคลือบสีเพื่อสร้างมิติเฉดเงาให้งานสถาปัตยกรรมในสีสันที่สดใส FULTON-A5A1: PROJECT""""",https://www.wazzadu.com/article/2115,"2,115",,,,,,,,,,,,1,,,,,,,,,,,,,,,,,,,,,,,,,,,,,,,1,,,,,,,,,,,,,,,
"พบกับงานสัมมนา Wazzadu Business Talk ในหัวข้อ  Future Trend of Architectural Material Industry 2018""  ""ทิศทางธุรกิจยุค 4.0 สำหรับวงการวัสดุในงานสถาปัตย์""""",https://www.wazzadu.com/article/1972,"1,972",,,,,,,1,,,,,,,,,,,,,,1,,,,,,,,,,,,,,,,,,,,,,,,,,,,,,,,,,,,,